code,ym,T,propensity,in_support
6901028000833,202502,0.0,0.3701387757931352,True
6901028000833,202503,0.0,0.5422354017635879,True
6901028000833,202504,0.0,0.5683459447067678,True
6901028000833,202505,0.0,0.3200082382106873,True
6901028000833,202506,0.0,0.41442618781625357,True
6901028000833,202507,0.0,0.3862457765405662,True
6901028000833,202508,0.0,0.1763737950452537,True
6901028000833,202509,0.0,0.13322503748300765,True
6901028000833,202510,1.0,0.2971810188761027,True
6901028000833,202511,0.0,0.8674799497977814,True
6901028000833,202512,0.0,0.3440386059093522,True
6901028000833,202601,0.0,0.6546087699144694,True
6901028000833,202602,0.0,0.4566831203352471,True
6901028000833,202603,0.0,0.2483249904447843,True
6901028000833,202605,1.0,0.6052848863696927,True
6901028001625,202502,0.0,0.31077292041676574,True
6901028001625,202503,0.0,0.45641648451488637,True
6901028001625,202504,0.0,0.3845157276731725,True
6901028001625,202505,0.0,0.44887878647823776,True
6901028001625,202506,0.0,0.5580449217507994,True
6901028001625,202507,0.0,0.48949355908568887,True
6901028001625,202508,0.0,0.17243337609872214,True
6901028001625,202509,0.0,0.20429269158728042,True
6901028001625,202510,0.0,0.22977554219258828,True
6901028001625,202511,0.0,0.5151780743572234,True
6901028001625,202512,0.0,0.31817531862815973,True
6901028001625,202604,0.0,0.3850628098272581,True
6901028001625,202605,1.0,0.5617246936635639,True
6901028001625,202606,0.0,0.5780288070608343,True
6901028005036,202502,0.0,0.5404887989733691,True
6901028005036,202503,0.0,0.44143501204878727,True
6901028005036,202504,0.0,0.45137253568811375,True
6901028005036,202505,1.0,0.5148004353283545,True
6901028005036,202506,0.0,0.6018750885255982,True
6901028005036,202507,0.0,0.5570933059063454,True
6901028005036,202508,0.0,0.4510343240884619,True
6901028005036,202509,0.0,0.44419614543799774,True
6901028005036,202510,0.0,0.3744757279742119,True
6901028005036,202511,0.0,0.42721892417422785,True
6901028005036,202512,0.0,0.4746759945514183,True
6901028005036,202601,0.0,0.48256550966167,True
6901028005036,202602,0.0,0.5370578082627342,True
6901028005036,202603,0.0,0.40290572178862616,True
6901028005036,202604,0.0,0.5058131882264253,True
6901028005036,202605,0.0,0.5827110094782152,True
6901028005036,202606,0.0,0.5530981768735137,True
6901028009744,202502,0.0,0.4936863492957211,True
6901028009744,202503,1.0,0.41842670337120474,True
6901028009744,202504,0.0,0.5028276799147136,True
6901028009744,202505,1.0,0.5722931842355657,True
6901028009744,202506,0.0,0.6533915592308343,True
6901028009744,202507,0.0,0.4962169653106787,True
6901028009744,202508,0.0,0.41176217533439774,True
6901028009744,202509,1.0,0.48995748990456534,True
6901028009744,202510,0.0,0.4990142477757239,True
6901028009744,202511,0.0,0.5216035947541101,True
6901028009744,202512,1.0,0.4954789273555214,True
6901028009744,202601,0.0,0.6543724363904199,True
6901028009744,202602,0.0,0.4104555841168526,True
6901028009744,202603,0.0,0.2875293497286369,True
6901028009744,202604,1.0,0.41126765311666014,True
6901028009744,202605,0.0,0.25551544184874186,True
6901028009744,202606,1.0,0.30417638890329646,True
6901028009805,202502,0.0,0.3826404457740971,True
6901028009805,202503,0.0,0.4445477356523164,True
6901028009805,202504,0.0,0.40714896281538576,True
6901028009805,202505,0.0,0.5218711896264173,True
6901028009805,202506,0.0,0.7980528606799085,True
6901028009805,202507,0.0,0.6482672971802852,True
6901028009805,202508,0.0,0.28488879891277846,True
6901028009805,202509,0.0,0.3067019848450401,True
6901028009805,202510,0.0,0.4876664699839602,True
6901028009805,202511,0.0,0.6494077332304522,True
6901028009805,202512,0.0,0.5800876639454671,True
6901028009805,202601,0.0,0.4841825594856364,True
6901028009805,202602,0.0,0.5048131019664445,True
6901028009805,202603,0.0,0.3187598935774464,True
6901028009805,202604,0.0,0.6689035654142677,True
6901028009805,202605,1.0,0.6795398304497344,True
6901028009805,202606,0.0,0.9400350942695601,True
6901028010115,202505,1.0,0.7167567872835395,True
6901028010115,202506,0.0,0.7395034026111769,True
6901028010115,202602,0.0,0.8382010635377406,True
6901028010115,202603,1.0,0.5737247323017888,True
6901028010115,202604,0.0,0.730116152349928,True
6901028010115,202605,0.0,0.7884518611235534,True
6901028010115,202606,1.0,0.7610899674336424,True
6901028010771,202603,0.0,0.5127628197462943,True
6901028010771,202604,0.0,0.43568723045711305,True
6901028010771,202605,0.0,0.5234594868685556,True
6901028010771,202606,0.0,0.5143552704376271,True
6901028011785,202506,0.0,0.6007284204620604,True
6901028011785,202507,0.0,0.6092526830831638,True
6901028011785,202604,0.0,0.46579911516288197,True
6901028011785,202605,0.0,0.5755138685052542,True
6901028011785,202606,0.0,0.6359444203976572,True
6901028012003,202502,0.0,0.8149887982065656,True
6901028012003,202503,0.0,0.5078857862099501,True
6901028012003,202504,0.0,0.474613967201376,True
6901028012003,202505,0.0,0.5178085470641198,True
6901028012003,202506,0.0,0.5800388174312261,True
6901028012003,202507,1.0,0.6501308771228538,True
6901028012003,202508,0.0,0.47600947192367793,True
6901028012003,202509,0.0,0.31667829246478196,True
6901028012003,202603,0.0,0.5213026575533962,True
6901028012003,202604,0.0,0.5585313176994683,True
6901028012003,202605,0.0,0.6785354092123174,True
6901028013611,202506,1.0,0.7640950704268598,True
6901028013611,202507,0.0,0.6746237649152106,True
6901028018722,202502,1.0,0.8063284891785036,True
6901028024976,202503,1.0,0.5560335971326043,True
6901028024976,202505,0.0,0.6241990166475132,True
6901028024976,202506,0.0,0.7054166035621273,True
6901028024976,202507,0.0,0.6577312478394276,True
6901028024976,202508,0.0,0.35375777814340187,True
6901028024976,202509,0.0,0.2036025335701382,True
6901028024976,202510,0.0,0.26100467565533775,True
6901028024976,202512,1.0,0.48910277895489424,True
6901028024976,202602,0.0,0.6413532823174325,True
6901028024976,202606,0.0,0.5968013424129928,True
6901028025645,202502,0.0,0.6654636935045676,True
6901028025645,202504,1.0,0.4627800477450361,True
6901028025645,202507,1.0,0.47449248196214894,True
6901028025645,202509,0.0,0.5450675872628394,True
6901028039758,202503,0.0,0.48490796006561615,True
6901028039758,202504,0.0,0.33911624465351836,True
6901028039758,202505,0.0,0.6164819517086906,True
6901028039758,202506,0.0,0.6409771736534174,True
6901028039758,202507,0.0,0.7121406528348072,True
6901028039758,202508,0.0,0.27896998203302775,True
6901028039758,202606,0.0,0.6852904497051909,True
6901028042635,202502,0.0,0.3330624771505586,True
6901028042635,202506,0.0,0.6142682843969258,True
6901028042635,202507,0.0,0.5587132649331569,True
6901028042635,202508,0.0,0.4514653383151211,True
6901028042635,202509,0.0,0.4175715726070868,True
6901028042635,202510,0.0,0.4613942322418252,True
6901028042635,202511,0.0,0.5843042823627517,True
6901028042635,202512,0.0,0.5541801332588359,True
6901028042635,202601,0.0,0.7580591084619218,True
6901028042635,202602,0.0,0.7463952444743712,True
6901028042635,202603,0.0,0.591182584848024,True
6901028042635,202604,0.0,0.41725515385491013,True
6901028042635,202605,0.0,0.7069278385115463,True
6901028042635,202606,1.0,0.7015821554156393,True
6901028042963,202502,0.0,0.36382737053425257,True
6901028045919,202502,1.0,0.3870510489659931,True
6901028045919,202503,0.0,0.5740462548643434,True
6901028045919,202504,0.0,0.5006675279681724,True
6901028045919,202506,1.0,0.5470596545071508,True
6901028045919,202508,0.0,0.528372622734197,True
6901028045919,202510,1.0,0.4426021351521231,True
6901028045919,202512,0.0,0.6071320246778185,True
6901028045919,202601,0.0,0.33421615622647427,True
6901028045919,202602,0.0,0.4277299026839973,True
6901028045919,202603,0.0,0.43820102244597414,True
6901028045919,202604,0.0,0.28934970625670664,True
6901028045919,202605,1.0,0.4623261829702114,True
6901028045919,202606,0.0,0.5597054058483789,True
6901028046893,202502,0.0,0.2973959614956919,True
6901028046893,202503,1.0,0.45001654462857027,True
6901028046893,202504,0.0,0.5439308042373028,True
6901028046893,202505,0.0,0.369917171316708,True
6901028046893,202507,1.0,0.15042690292574623,True
6901028046893,202509,0.0,0.22135269791740722,True
6901028046893,202511,1.0,0.41311405409632923,True
6901028046893,202602,1.0,0.30940960886998586,True
6901028046893,202604,0.0,0.2321946045303131,True
6901028046893,202605,0.0,0.2669376307800979,True
6901028046893,202606,0.0,0.3400584529869,True
6901028051989,202605,0.0,0.7650604055380709,True
6901028057080,202505,0.0,0.3967932906973038,True
6901028057080,202509,1.0,0.16629475236733407,True
6901028057080,202510,0.0,0.433240047012657,True
6901028057080,202603,0.0,0.20429999918669536,True
6901028057080,202604,0.0,0.26867845673139346,True
6901028057080,202605,0.0,0.30625982784475275,True
6901028057080,202606,0.0,0.43500164005944064,True
6901028058148,202508,0.0,0.8038636019831727,True
6901028058148,202509,1.0,0.2692885229928274,True
6901028058148,202510,0.0,0.36443725815035866,True
6901028058148,202602,0.0,0.6350183773538294,True
6901028058148,202603,0.0,0.4998100710220068,True
6901028058148,202604,1.0,0.30442657496394565,True
6901028058148,202605,0.0,0.5007924299813818,True
6901028058148,202606,0.0,0.7233998086408284,True
6901028059114,202604,0.0,0.5061002470745373,True
6901028059114,202605,1.0,0.5902800788335786,True
6901028059114,202606,0.0,0.7052464751846182,True
6901028062015,202502,0.0,0.48849864602708293,True
6901028062015,202503,0.0,0.46292286983793063,True
6901028062015,202504,0.0,0.42307448619175336,True
6901028062015,202505,1.0,0.5547936940452329,True
6901028062015,202506,0.0,0.640894934931572,True
6901028062015,202511,0.0,0.4824598057729648,True
6901028062015,202512,0.0,0.4816979970249743,True
6901028062015,202601,0.0,0.38813520622278985,True
6901028062015,202602,0.0,0.4306118406367885,True
6901028062015,202603,0.0,0.38958454249975066,True
6901028062015,202604,0.0,0.3802232484423522,True
6901028062015,202605,0.0,0.4661925260166842,True
6901028062015,202606,0.0,0.46163843849901603,True
6901028062329,202502,0.0,0.9776696648170413,False
6901028062329,202503,1.0,0.3770496348775251,True
6901028062329,202602,0.0,0.7422970475799286,True
6901028062329,202603,0.0,0.523894375886417,True
6901028062329,202604,0.0,0.4922952971562326,True
6901028062329,202605,0.0,0.569485331965378,True
6901028062329,202606,0.0,0.7931869332418184,True
6901028062350,202602,0.0,0.6466663899680744,True
6901028062350,202603,0.0,0.343541849824144,True
6901028062350,202604,0.0,0.36117249964157283,True
6901028062350,202605,1.0,0.4716441610507044,True
6901028062350,202606,0.0,0.43558774025231245,True
6901028063371,202505,0.0,0.6834877059049109,True
6901028063371,202506,0.0,0.789357352190017,True
6901028063371,202507,0.0,0.65929257855911,True
6901028063371,202508,0.0,0.562838674914526,True
6901028063371,202509,0.0,0.2803631286049475,True
6901028063371,202510,0.0,0.3882537318262786,True
6901028063371,202602,1.0,0.7775759223539067,True
6901028065504,202602,0.0,0.6741367304931053,True
6901028065504,202603,0.0,0.4188753998577647,True
6901028065504,202604,0.0,0.49242502058245646,True
6901028065504,202605,0.0,0.6444778219764112,True
6901028065504,202606,0.0,0.60761994253794,True
6901028071475,202502,1.0,0.6819656022582959,True
6901028071475,202504,0.0,0.4413157935648585,True
6901028071475,202505,1.0,0.5354329802216996,True
6901028071475,202506,0.0,0.6284741079079379,True
6901028071475,202507,0.0,0.5566669990248787,True
6901028071475,202508,0.0,0.3756917268279254,True
6901028071475,202509,0.0,0.7024555734449927,True
6901028071475,202510,0.0,0.573728464772172,True
6901028071475,202601,1.0,0.4164340843169588,True
6901028071475,202603,0.0,0.4893000908195488,True
6901028071475,202605,0.0,0.7855092636444374,True
6901028071475,202606,1.0,0.7302573165655122,True
6901028071536,202509,0.0,0.6473014293744352,True
6901028071536,202510,0.0,0.5411522868492621,True
6901028071536,202603,0.0,0.5197412741358433,True
6901028071536,202604,0.0,0.436374668351073,True
6901028071536,202605,0.0,0.5079317939281207,True
6901028071536,202606,1.0,0.5963413429473251,True
6901028075015,202502,1.0,0.5462375270085393,True
6901028075015,202504,1.0,0.5245620441126716,True
6901028075015,202506,0.0,0.7140025180154124,True
6901028075015,202507,1.0,0.5114542242363055,True
6901028075015,202508,0.0,0.799363328055379,True
6901028075015,202509,0.0,0.3545992459058415,True
6901028075015,202510,1.0,0.416319457685189,True
6901028075015,202511,0.0,0.8866521335503751,True
6901028075015,202512,0.0,0.5979216474496439,True
6901028075015,202601,0.0,0.554137944282921,True
6901028075015,202602,0.0,0.46226141781031727,True
6901028075015,202603,0.0,0.38389960972481035,True
6901028075015,202604,0.0,0.5039708250846299,True
6901028075015,202605,0.0,0.6104071004811726,True
6901028075015,202606,0.0,0.570689723172515,True
6901028075022,202502,1.0,0.6380358901579849,True
6901028075022,202511,0.0,0.5861985073107508,True
6901028075022,202512,0.0,0.7047399066368738,True
6901028075022,202601,0.0,0.6239434834841554,True
6901028075022,202602,1.0,0.5488398063872498,True
6901028075022,202603,0.0,0.5276453555934995,True
6901028075022,202604,0.0,0.5231843907293916,True
6901028075022,202605,0.0,0.6084000368741391,True
6901028075053,202502,0.0,0.5243686792936109,True
6901028075053,202503,0.0,0.5194055039871793,True
6901028075053,202504,0.0,0.30886547703077943,True
6901028075053,202505,0.0,0.5105416176693371,True
6901028075053,202506,0.0,0.5119598797349812,True
6901028075053,202507,0.0,0.2255725219346885,True
6901028075053,202508,0.0,0.28894781135619213,True
6901028075053,202509,0.0,0.3023511207357987,True
6901028075053,202510,0.0,0.1945550917351019,True
6901028075053,202511,1.0,0.49646791898674936,True
6901028075053,202512,0.0,0.6269917707568936,True
6901028075053,202601,0.0,0.5782372168085976,True
6901028075053,202602,0.0,0.6193444126718757,True
6901028075053,202603,0.0,0.2975428307048949,True
6901028075053,202604,0.0,0.3453983964313363,True
6901028075053,202605,0.0,0.6020749060918928,True
6901028075053,202606,0.0,0.3188239578991962,True
6901028077910,202502,1.0,0.6274780803953637,True
6901028077910,202503,0.0,0.5458622075238111,True
6901028077910,202504,0.0,0.5275365145466251,True
6901028077910,202506,0.0,0.7707895118027165,True
6901028077910,202508,1.0,0.5275399286724066,True
6901028077910,202602,0.0,0.6427467963811367,True
6901028077910,202603,0.0,0.5931360410428084,True
6901028077910,202604,0.0,0.5332996956239962,True
6901028077910,202605,0.0,0.6001697918637436,True
6901028077910,202606,0.0,0.7118195985156899,True
6901028079990,202502,0.0,0.41800787324462985,True
6901028079990,202503,0.0,0.5402808846009814,True
6901028079990,202504,0.0,0.32463069625286184,True
6901028079990,202506,1.0,0.6992871562589574,True
6901028079990,202508,0.0,0.5317174974502471,True
6901028079990,202509,0.0,0.3252048026333358,True
6901028079990,202511,1.0,0.5512297166592504,True
6901028079990,202601,0.0,0.4235208989672293,True
6901028079990,202602,0.0,0.5304270200575646,True
6901028079990,202603,0.0,0.5232904673592639,True
6901028079990,202604,0.0,0.34617487647238776,True
6901028079990,202605,0.0,0.5548604086460296,True
6901028079990,202606,0.0,0.6127277696944141,True
6901028080224,202502,0.0,0.47352038926799317,True
6901028080224,202503,0.0,0.41716573700145737,True
6901028080224,202504,0.0,0.13363455566982296,True
6901028080224,202506,1.0,0.2681832657924992,True
6901028080224,202508,0.0,0.2008479322706452,True
6901028080224,202509,0.0,0.1851267287267651,True
6901028080224,202511,1.0,0.36039828771486804,True
6901028080521,202502,0.0,0.8279256828150063,True
6901028080521,202504,1.0,0.6428823224816133,True
6901028084321,202502,0.0,0.5381088708010711,True
6901028084321,202503,0.0,0.5982547959632195,True
6901028084321,202504,0.0,0.30591268334349175,True
6901028084321,202505,0.0,0.36633932571913824,True
6901028084321,202511,0.0,0.5619745616131449,True
6901028084321,202512,0.0,0.5956238669561741,True
6901028084321,202601,0.0,0.8052356806566839,True
6901028084321,202602,0.0,0.4020218737993353,True
6901028084321,202606,0.0,0.48193659840606806,True
6901028084772,202505,0.0,0.49107121911575446,True
6901028084772,202506,0.0,0.5926915220968235,True
6901028084772,202507,0.0,0.4281690158241456,True
6901028084772,202508,0.0,0.35721665484994447,True
6901028084772,202509,0.0,0.3817035744960532,True
6901028084772,202510,0.0,0.2592686241912605,True
6901028084772,202511,0.0,0.5039583507631712,True
6901028084772,202512,0.0,0.36074544254785634,True
6901028084772,202601,0.0,0.4148980400843997,True
6901028084772,202602,0.0,0.6259712055240143,True
6901028084772,202603,0.0,0.323345332842395,True
6901028084772,202604,0.0,0.6197512862174556,True
6901028084772,202605,1.0,0.49029286005654127,True
6901028084772,202606,0.0,0.6468767288982022,True
6901028084925,202506,0.0,0.5923888567108139,True
6901028084925,202507,0.0,0.447880621315858,True
6901028084925,202508,0.0,0.33802589490487983,True
6901028084925,202509,0.0,0.3787006114575983,True
6901028084925,202510,0.0,0.25923414155834984,True
6901028084925,202511,0.0,0.3910513169387397,True
6901028084925,202512,0.0,0.45481527091175705,True
6901028084925,202601,0.0,0.4616799236346232,True
6901028084925,202602,0.0,0.665263862648953,True
6901028084925,202603,0.0,0.3946692705514436,True
6901028084925,202604,1.0,0.3397647695829395,True
6901028084925,202605,0.0,0.5418743502135919,True
6901028084925,202606,0.0,0.59018312837928,True
6901028092432,202508,1.0,0.27388596217353783,True
6901028092432,202605,0.0,0.5451989897273722,True
6901028092432,202606,1.0,0.7132203972277462,True
6901028098335,202508,0.0,0.37050906015065127,True
6901028098335,202509,0.0,0.3086956404106562,True
6901028098335,202510,0.0,0.25234893154218424,True
6901028098335,202603,0.0,0.34799342428971025,True
6901028098335,202604,0.0,0.4324987158154591,True
6901028098335,202605,0.0,0.2619210778665286,True
6901028102094,202502,1.0,0.8139273041334735,True
6901028102094,202503,0.0,0.5862608380347636,True
6901028102094,202504,0.0,0.6021165254983952,True
6901028102094,202505,0.0,0.6588520877372805,True
6901028104241,202502,0.0,0.7565626175241937,True
6901028104241,202503,0.0,0.6566044393180288,True
6901028104241,202504,1.0,0.534086378226026,True
6901028104241,202505,0.0,0.7918578703605359,True
6901028104241,202506,0.0,0.8940239409317721,True
6901028104241,202507,0.0,0.594996657009261,True
6901028104241,202508,0.0,0.36053082013812315,True
6901028104302,202505,0.0,0.5788960957327246,True
6901028104302,202506,0.0,0.643048693214521,True
6901028104302,202507,0.0,0.6268988670637713,True
6901028104302,202508,0.0,0.2787059329641871,True
6901028104302,202602,1.0,0.5800533376084114,True
6901028104302,202603,0.0,0.48680222908173465,True
6901028104302,202604,0.0,0.4180956945777829,True
6901028104302,202605,0.0,0.5806185105660224,True
6901028104302,202606,1.0,0.6253605966908188,True
6901028107150,202505,1.0,0.702468875857609,True
6901028107150,202506,0.0,0.6887625852254298,True
6901028111270,202502,0.0,0.2527902812069476,True
6901028111270,202503,1.0,0.436070644360966,True
6901028111270,202505,1.0,0.3127051647747269,True
6901028111270,202507,0.0,0.3406709771208182,True
6901028111270,202508,0.0,0.14241167401202504,True
6901028111270,202509,0.0,0.07014514979983068,False
6901028111270,202510,0.0,0.16045305674082627,True
6901028111270,202511,0.0,0.516925077502882,True
6901028111270,202512,0.0,0.29012620587487054,True
6901028111270,202602,1.0,0.33796342343535996,True
6901028111270,202604,0.0,0.28723979051453313,True
6901028111270,202605,0.0,0.3422170540277178,True
6901028111270,202606,0.0,0.26876325653459626,True
6901028111546,202602,0.0,0.5715035570898083,True
6901028111546,202604,0.0,0.5504607310146483,True
6901028111546,202605,0.0,0.7724849160475651,True
6901028112505,202512,1.0,0.6026207442646819,True
6901028112505,202602,0.0,0.7422262359955887,True
6901028112505,202604,0.0,0.49525299968862785,True
6901028112505,202605,1.0,0.5963186822941978,True
6901028112505,202606,0.0,0.6605532187191164,True
6901028118187,202502,0.0,0.2740721639512002,True
6901028118187,202503,0.0,0.43222532351192333,True
6901028118187,202504,0.0,0.18275169015593393,True
6901028118187,202505,0.0,0.2435388013887705,True
6901028118187,202506,0.0,0.21750543885309612,True
6901028118187,202507,0.0,0.3134255418443276,True
6901028118187,202508,0.0,0.19658155241213754,True
6901028118187,202509,0.0,0.10286447757311862,True
6901028118187,202510,0.0,0.21211598947776342,True
6901028118187,202511,0.0,0.25968734103832786,True
6901028118187,202512,0.0,0.21715969248662487,True
6901028118187,202601,0.0,0.3105335780518321,True
6901028118187,202602,0.0,0.30739018589976963,True
6901028118187,202603,0.0,0.13608150780026368,True
6901028118187,202604,0.0,0.21381218045534725,True
6901028118187,202605,0.0,0.40095093683342964,True
6901028118187,202606,0.0,0.34849353095928,True
6901028118828,202502,1.0,0.3863866662072714,True
6901028118828,202504,0.0,0.44563067925117816,True
6901028118828,202508,1.0,0.4164602500292619,True
6901028118828,202510,0.0,0.3604631415903338,True
6901028118828,202511,0.0,0.5501368603361545,True
6901028118828,202512,0.0,0.3971888011494667,True
6901028118828,202601,0.0,0.43248017189145216,True
6901028118828,202602,0.0,0.48791764798296333,True
6901028118828,202603,0.0,0.4237486879239069,True
6901028118828,202604,0.0,0.4660755535312283,True
6901028118828,202605,0.0,0.6799454694283698,True
6901028118828,202606,1.0,0.5795413138219138,True
6901028119009,202601,1.0,0.5555169952649794,True
6901028119009,202602,0.0,0.7549844337331583,True
6901028119009,202603,0.0,0.5542190957389899,True
6901028119009,202604,0.0,0.678690744200201,True
6901028119009,202605,0.0,0.6670969129604168,True
6901028119009,202606,0.0,0.6847576597814224,True
6901028120708,202502,0.0,0.6523842633109247,True
6901028120708,202503,1.0,0.5697465209868258,True
6901028120708,202504,0.0,0.5797373539629099,True
6901028120708,202509,0.0,0.6277983883032612,True
6901028120708,202602,0.0,0.7342891217031832,True
6901028120708,202603,0.0,0.4476731240428106,True
6901028120708,202604,0.0,0.5464394578827085,True
6901028120708,202605,0.0,0.6930148811259875,True
6901028120708,202606,1.0,0.640153603366389,True
6901028121736,202502,0.0,0.6534202735699203,True
6901028121736,202503,0.0,0.4594683170618723,True
6901028121828,202602,0.0,0.5992561362943178,True
6901028121828,202603,0.0,0.43079476125424065,True
6901028121828,202604,0.0,0.4935086281254607,True
6901028121828,202605,0.0,0.5196407451715163,True
6901028121828,202606,0.0,0.7021650555023833,True
6901028123266,202502,0.0,0.6341281486589421,True
6901028123266,202503,1.0,0.5952642477419545,True
6901028123266,202505,1.0,0.5048958017752132,True
6901028124058,202502,0.0,0.5820084222936658,True
6901028124058,202503,0.0,0.4611700671685944,True
6901028124058,202504,0.0,0.41454987913495356,True
6901028124058,202505,0.0,0.5022837349272635,True
6901028124058,202509,0.0,0.4247935362384293,True
6901028124058,202510,0.0,0.4226665900199344,True
6901028124058,202511,0.0,0.8556528358240854,True
6901028124058,202512,0.0,0.4950596774275556,True
6901028124058,202601,0.0,0.43086128631234055,True
6901028124058,202602,0.0,0.6015303802443511,True
6901028124058,202603,0.0,0.3799776846768696,True
6901028124058,202604,0.0,0.4503141323465106,True
6901028124058,202605,1.0,0.7087442263353277,True
6901028124058,202606,0.0,0.7400176556452855,True
6901028125970,202502,0.0,0.7460006724211756,True
6901028125970,202503,0.0,0.6094784167905399,True
6901028125970,202504,0.0,0.4194833918183236,True
6901028125970,202511,0.0,0.7496339381495731,True
6901028125970,202601,1.0,0.2969811986600367,True
6901028125970,202602,0.0,0.5973756745344719,True
6901028125970,202603,0.0,0.5127975839506776,True
6901028125970,202604,0.0,0.42473310567182543,True
6901028125970,202605,0.0,0.5597685088850108,True
6901028125970,202606,1.0,0.5349486407498282,True
6901028126007,202502,1.0,0.5482283782171619,True
6901028126007,202503,0.0,0.627381356970367,True
6901028126007,202504,0.0,0.27318233929013597,True
6901028126007,202505,0.0,0.47907586536048585,True
6901028133333,202505,0.0,0.3818543340411348,True
6901028133333,202506,0.0,0.6276888078921832,True
6901028133333,202602,0.0,0.6808191126616788,True
6901028133333,202603,1.0,0.3642069887155684,True
6901028136686,202502,0.0,0.7305319758976175,True
6901028136686,202503,0.0,0.5988616206934485,True
6901028136686,202504,0.0,0.44702757865818804,True
6901028136686,202505,0.0,0.5156992883834983,True
6901028136686,202601,0.0,0.5453959658010841,True
6901028136686,202602,0.0,0.7011115922126593,True
6901028136686,202604,1.0,0.37313829886265715,True
6901028136686,202606,0.0,0.6666671123888604,True
6901028136891,202502,0.0,0.701271813905965,True
6901028136891,202503,0.0,0.47437019867289615,True
6901028136891,202504,0.0,0.371706587966996,True
6901028136891,202509,0.0,0.34202976023257153,True
6901028136891,202510,0.0,0.48645738107629416,True
6901028136891,202511,0.0,0.4332760149516881,True
6901028138536,202504,0.0,0.2970291785856899,True
6901028138536,202506,1.0,0.604329772762334,True
6901028138536,202602,0.0,0.6271441683084635,True
6901028138536,202603,0.0,0.49683301588443196,True
6901028138536,202604,0.0,0.41998458684531087,True
6901028138536,202605,0.0,0.5606239013298873,True
6901028138536,202606,0.0,0.44566820056197903,True
6901028141147,202502,0.0,0.6868748478263074,True
6901028141147,202503,0.0,0.5440355865266072,True
6901028141147,202504,0.0,0.2387768555516849,True
6901028141147,202505,0.0,0.3046602997207796,True
6901028141147,202506,0.0,0.4911866624683203,True
6901028141147,202507,0.0,0.6262643910202617,True
6901028141147,202508,0.0,0.2640272901898014,True
6901028141147,202509,0.0,0.2149273330044393,True
6901028141147,202510,0.0,0.22187034895317764,True
6901028141147,202602,0.0,0.5583176324167685,True
6901028143448,202606,1.0,0.6018085167436648,True
6901028143554,202503,0.0,0.3788624481685041,True
6901028143554,202504,0.0,0.4079268046455757,True
6901028143554,202509,0.0,0.28943523072256827,True
6901028143554,202510,0.0,0.15606726567854892,True
6901028143554,202511,0.0,0.30799299959621307,True
6901028143554,202512,0.0,0.42443581238076283,True
6901028143554,202601,0.0,0.5049604855422668,True
6901028143554,202602,0.0,0.38861935754943716,True
6901028143554,202603,0.0,0.29559960807971036,True
6901028143554,202604,0.0,0.2675247039264677,True
6901028143554,202605,1.0,0.42950646090668476,True
6901028143554,202606,0.0,0.3655987095512344,True
6901028145077,202502,0.0,0.47378053927735175,True
6901028145077,202504,1.0,0.5498916696834104,True
6901028145077,202506,0.0,0.5583962502354296,True
6901028145077,202508,1.0,0.623831802741799,True
6901028145077,202510,0.0,0.47224957401417306,True
6901028145077,202511,0.0,0.7814913938755621,True
6901028145077,202512,0.0,0.5150896127482413,True
6901028145077,202601,0.0,0.47711781820108423,True
6901028145077,202602,0.0,0.5260980092165404,True
6901028145077,202603,0.0,0.42681909877805196,True
6901028145077,202604,0.0,0.444677650322514,True
6901028145077,202605,0.0,0.523169835793712,True
6901028145077,202606,0.0,0.5688040317982349,True
6901028145473,202502,0.0,0.7798557397818249,True
6901028145473,202506,1.0,0.7919157431002162,True
6901028145473,202510,0.0,0.505809999211088,True
6901028149921,202604,0.0,0.21993900548527145,True
6901028149921,202605,0.0,0.3134311826218739,True
6901028151634,202502,0.0,0.5119043410895906,True
6901028151634,202503,0.0,0.48466165469770434,True
6901028151634,202504,0.0,0.38881629613077806,True
6901028151634,202505,0.0,0.4309778852929343,True
6901028151634,202506,0.0,0.31630717378292067,True
6901028151634,202507,1.0,0.45074533595598043,True
6901028151634,202508,0.0,0.4785332972986304,True
6901028151634,202509,0.0,0.3836015081211587,True
6901028151634,202510,0.0,0.23073083523377358,True
6901028151634,202511,0.0,0.4316314093141861,True
6901028151634,202512,0.0,0.35241901675938203,True
6901028151634,202601,0.0,0.5017744951417178,True
6901028151634,202602,0.0,0.49273379450753635,True
6901028151634,202603,0.0,0.24356034808886765,True
6901028151634,202604,0.0,0.40026206203287845,True
6901028151634,202605,0.0,0.4792332590702442,True
6901028151634,202606,0.0,0.5991421902838822,True
6901028155557,202502,0.0,0.5228850586032501,True
6901028155557,202503,0.0,0.3293371051102954,True
6901028155557,202504,0.0,0.3108154669921266,True
6901028155557,202505,0.0,0.3343253093486558,True
6901028155557,202506,0.0,0.4371225394481962,True
6901028155557,202507,0.0,0.44728725641043343,True
6901028155557,202508,0.0,0.2422755037300683,True
6901028155557,202509,0.0,0.24228397778059851,True
6901028155557,202510,0.0,0.25541043886966314,True
6901028155557,202511,0.0,0.3244841917161676,True
6901028155557,202512,0.0,0.3381480113827588,True
6901028155557,202604,0.0,0.23750818489004538,True
6901028155557,202605,0.0,0.35735184266091474,True
6901028155557,202606,0.0,0.3431245715117981,True
6901028159548,202502,0.0,0.3537295169364442,True
6901028159548,202503,0.0,0.5135108522576012,True
6901028159548,202504,0.0,0.25616328336471567,True
6901028159548,202505,0.0,0.31462702517341423,True
6901028159548,202506,0.0,0.6236749609142509,True
6901028159548,202507,0.0,0.4719837333068568,True
6901028159548,202508,0.0,0.25683288655291414,True
6901028159548,202509,0.0,0.08075308386210601,False
6901028159548,202510,0.0,0.17561378898853275,True
6901028159548,202512,1.0,0.3223608868370289,True
6901028159548,202602,0.0,0.36482840605529804,True
6901028159753,202505,1.0,0.9995432668840046,False
6901028159753,202506,0.0,0.35515826540118334,True
6901028159753,202507,0.0,0.3513642980628135,True
6901028159753,202508,0.0,0.2903581185647882,True
6901028159753,202509,0.0,0.11995574708435684,True
6901028159753,202510,1.0,0.18196947692111268,True
6901028159753,202511,0.0,0.35514744003106813,True
6901028159753,202512,1.0,0.425322578823041,True
6901028159753,202604,0.0,0.2483505801336081,True
6901028159753,202605,0.0,0.3623151765441494,True
6901028159753,202606,0.0,0.5510804006633317,True
6901028160285,202503,1.0,0.43016519947897164,True
6901028160285,202505,0.0,0.37767217693157684,True
6901028160285,202506,0.0,0.4151202372294409,True
6901028160285,202507,0.0,0.5726209220597912,True
6901028160285,202508,0.0,0.2978282328565142,True
6901028160285,202509,0.0,0.20560919324900126,True
6901028160285,202602,0.0,0.5018293994088153,True
6901028160285,202603,0.0,0.2547908195560656,True
6901028160285,202604,0.0,0.298967884071271,True
6901028160285,202605,0.0,0.3557434992401152,True
6901028160285,202606,0.0,0.39818627670855594,True
6901028162876,202503,1.0,0.5947348759469133,True
6901028162876,202505,0.0,0.3291082656980144,True
6901028162876,202506,0.0,0.4276131040502538,True
6901028162876,202507,0.0,0.6327990117455525,True
6901028162876,202508,0.0,0.28896102970126697,True
6901028162876,202509,0.0,0.2430117817868207,True
6901028162876,202510,0.0,0.3581014555292319,True
6901028162876,202511,0.0,0.6566988821706989,True
6901028162876,202512,0.0,0.6450551452993261,True
6901028162876,202601,0.0,0.6797528798586013,True
6901028162876,202602,0.0,0.4478132944439239,True
6901028162876,202603,0.0,0.16595781576355473,True
6901028162876,202604,0.0,0.34994152068696255,True
6901028162876,202606,1.0,0.6237937833584603,True
6901028165242,202507,0.0,0.4742607183218062,True
6901028165242,202508,0.0,0.46294316709176475,True
6901028165242,202509,0.0,0.3499530782304923,True
6901028165242,202510,0.0,0.17175336154663123,True
6901028165242,202511,0.0,0.3639753101916769,True
6901028165242,202512,0.0,0.4975834945089084,True
6901028165242,202601,0.0,0.336134300216723,True
6901028165242,202602,1.0,0.7453597278698042,True
6901028165242,202603,0.0,0.2875381391566418,True
6901028165242,202604,0.0,0.29527878062072543,True
6901028165242,202605,0.0,0.5753552669709739,True
6901028165242,202606,1.0,0.5817257999209697,True
6901028165860,202601,0.0,0.4976713694346845,True
6901028165860,202603,0.0,0.5516262733771373,True
6901028165860,202604,0.0,0.4374756551358657,True
6901028165860,202605,1.0,0.5304528137020046,True
6901028165860,202606,1.0,0.5009700764828331,True
6901028169967,202606,0.0,0.7445894460425384,True
6901028172509,202502,0.0,0.2621876107509954,True
6901028172509,202503,0.0,0.42286046419674245,True
6901028172509,202504,0.0,0.4065229742048786,True
6901028172509,202505,0.0,0.5163940137198323,True
6901028172509,202506,0.0,0.6470879119851893,True
6901028172509,202507,0.0,0.6226538102297245,True
6901028172509,202508,0.0,0.22959964071663425,True
6901028172509,202509,1.0,0.20401467197583978,True
6901028172509,202510,0.0,0.36546886314670346,True
6901028172509,202511,0.0,0.526045910541756,True
6901028172509,202512,0.0,0.3683823883121284,True
6901028172509,202601,0.0,0.35348674115577006,True
6901028172509,202602,0.0,0.3930361495896181,True
6901028172509,202603,0.0,0.2786247100988252,True
6901028172509,202604,0.0,0.6221702153380131,True
6901028172509,202605,0.0,0.68555443760771,True
6901028172509,202606,0.0,0.8999177788239536,True
6901028172936,202505,0.0,0.5482734207828289,True
6901028172936,202506,0.0,0.6074925207585661,True
6901028177153,202502,1.0,0.7026253657005012,True
6901028177153,202504,0.0,0.5848634173400763,True
6901028177153,202505,1.0,0.5242046443654069,True
6901028177153,202506,0.0,0.7345932580869585,True
6901028177214,202508,0.0,0.47692354054702496,True
6901028177214,202509,0.0,0.49405132268498175,True
6901028177214,202510,0.0,0.45318796328315786,True
6901028177214,202605,1.0,0.7046942990771894,True
6901028177214,202606,1.0,0.8696013864314238,True
6901028178105,202511,0.0,0.5771622199217248,True
6901028178105,202512,0.0,0.5483895929662844,True
6901028178105,202601,0.0,0.5469631631893429,True
6901028178105,202602,0.0,0.6811506245163846,True
6901028178105,202603,0.0,0.500787240524541,True
6901028178105,202604,0.0,0.5041810014124875,True
6901028178105,202605,0.0,0.5033704750488321,True
6901028178105,202606,0.0,0.5658140032444201,True
6901028178648,202606,0.0,0.7161135018213471,True
6901028179270,202502,0.0,0.5997642350116964,True
6901028179270,202503,0.0,0.621811702226577,True
6901028179270,202504,0.0,0.19033224604954505,True
6901028179270,202505,0.0,0.2671147561953315,True
6901028179270,202509,0.0,0.2845165668453712,True
6901028179270,202510,0.0,0.26716163834774675,True
6901028179270,202511,0.0,0.3250303221102237,True
6901028179270,202512,0.0,0.4097865041062887,True
6901028179270,202601,0.0,0.5475241220738449,True
6901028179270,202602,0.0,0.5991800905528141,True
6901028179270,202603,0.0,0.3514283623035325,True
6901028179270,202604,0.0,0.2515526244055597,True
6901028179270,202605,0.0,0.3237469392107375,True
6901028179270,202606,0.0,0.35764241540045094,True
6901028179324,202502,1.0,0.12881231777034324,True
6901028179324,202503,0.0,0.5826742978848485,True
6901028179324,202505,1.0,0.4640197788057906,True
6901028179324,202508,1.0,0.9784885448937074,False
6901028179324,202602,0.0,0.31274334378914487,True
6901028179324,202603,0.0,0.21487536525385406,True
6901028179324,202604,0.0,0.30494383499984395,True
6901028179324,202605,0.0,0.4234556347979173,True
6901028179324,202606,0.0,0.6367844316727117,True
6901028179348,202502,0.0,0.47550138125640967,True
6901028179348,202503,0.0,0.5687830069713313,True
6901028179348,202504,0.0,0.29112126899537993,True
6901028179348,202506,1.0,0.6254269984638106,True
6901028179348,202508,0.0,0.1734848798812943,True
6901028179348,202509,0.0,0.15645041046699032,True
6901028179348,202510,0.0,0.13394271265695584,True
6901028179348,202511,0.0,0.17529191223683585,True
6901028179348,202512,0.0,0.33243146079199054,True
6901028179348,202601,0.0,0.285509891128953,True
6901028179348,202602,0.0,0.46295847666053574,True
6901028179348,202603,0.0,0.17280450039812437,True
6901028179348,202604,0.0,0.30670784971027004,True
6901028179348,202605,0.0,0.45851029238566127,True
6901028179348,202606,0.0,0.4403551969618328,True
6901028179492,202503,0.0,0.7702711033479903,True
6901028179492,202504,0.0,0.4139206399379789,True
6901028179492,202505,0.0,0.4313019290806433,True
6901028179492,202506,0.0,0.5114401454872636,True
6901028179492,202507,0.0,0.5573397662955315,True
6901028179492,202508,0.0,0.23883319722893528,True
6901028180009,202503,1.0,0.8499492564340897,True
6901028180009,202602,0.0,0.5366136178467096,True
6901028180009,202603,0.0,0.3024757239085091,True
6901028180009,202604,0.0,0.4783777310489169,True
6901028180009,202605,0.0,0.6249304171788101,True
6901028180009,202606,0.0,0.632106808591413,True
6901028180580,202502,0.0,0.10048268367798104,True
6901028180580,202503,0.0,0.26792432194774607,True
6901028180580,202504,0.0,0.07767700405767754,False
6901028180580,202505,0.0,0.11893627378584144,True
6901028180580,202506,0.0,0.14846128758460034,True
6901028180580,202507,0.0,0.1582511307925493,True
6901028180580,202508,0.0,0.04730656400781895,False
6901028180580,202509,0.0,0.05046524514302888,False
6901028180580,202510,0.0,0.05302210083157392,False
6901028180580,202511,0.0,0.08703718248794495,False
6901028180580,202512,0.0,0.08079629495880063,False
6901028180580,202601,0.0,0.15875657044455294,True
6901028180580,202602,0.0,0.11488742428329402,True
6901028180580,202603,0.0,0.07817856781562714,False
6901028180580,202604,0.0,0.09648550053074183,False
6901028180580,202605,0.0,0.14254392831993729,True
6901028180580,202606,0.0,0.15750666996697138,True
6901028180603,202503,0.0,0.5211614946302902,True
6901028180603,202504,0.0,0.09233606127737112,False
6901028180603,202505,0.0,0.16141321622429486,True
6901028180603,202506,0.0,0.200302606288405,True
6901028180603,202507,0.0,0.1447402688875133,True
6901028180603,202508,0.0,0.26085818763760593,True
6901028180603,202509,0.0,0.058244052448205894,False
6901028180603,202510,0.0,0.07690316006967304,False
6901028180603,202511,0.0,0.14823023011452377,True
6901028180603,202512,0.0,0.2705907648632418,True
6901028180603,202602,1.0,0.2974531459835401,True
6901028180603,202604,0.0,0.09463751902490902,False
6901028180603,202605,0.0,0.2186250593829671,True
6901028180603,202606,0.0,0.21272835589966202,True
6901028180788,202602,0.0,0.822987015741622,True
6901028180788,202603,0.0,0.6469513499908643,True
6901028180788,202604,0.0,0.6844868360611284,True
6901028180788,202605,0.0,0.8006677710280293,True
6901028180788,202606,0.0,0.8228710512045901,True
6901028180818,202502,0.0,0.5153934921230771,True
6901028180818,202508,0.0,0.28072797375946246,True
6901028180818,202509,0.0,0.19652722748858642,True
6901028180818,202510,0.0,0.14031619131277745,True
6901028180818,202511,0.0,0.33115945058402463,True
6901028180818,202512,0.0,0.44024642671311554,True
6901028180818,202601,0.0,0.34302547121674165,True
6901028180818,202602,0.0,0.5449671715415842,True
6901028180818,202603,0.0,0.40211391866311835,True
6901028180818,202604,0.0,0.22356901043323402,True
6901028180818,202605,0.0,0.4919598288044052,True
6901028180818,202606,0.0,0.3363958371512732,True
6901028181457,202502,0.0,0.47791712908391726,True
6901028181457,202503,0.0,0.6169481548976861,True
6901028181457,202504,0.0,0.60545678024886,True
6901028181457,202505,0.0,0.5474281719173042,True
6901028181457,202506,0.0,0.7420594550055606,True
6901028181457,202507,0.0,0.7895462649696042,True
6901028181457,202508,0.0,0.27583046939657896,True
6901028181457,202509,0.0,0.2590353609199251,True
6901028181457,202602,1.0,0.45504806006429876,True
6901028181457,202603,0.0,0.47007557997032307,True
6901028181457,202604,0.0,0.5665308894214316,True
6901028181457,202605,0.0,0.5014448913004231,True
6901028181457,202606,0.0,0.5620605782104597,True
6901028181815,202503,1.0,0.5719733475247488,True
6901028181815,202505,0.0,0.6875800414037905,True
6901028181815,202506,0.0,0.6631640409555597,True
6901028181815,202507,0.0,0.5463719498873063,True
6901028181815,202508,0.0,0.5787357391875514,True
6901028181815,202509,0.0,0.39930951654550356,True
6901028181815,202510,0.0,0.3051880804052159,True
6901028181815,202511,0.0,0.45111874340526614,True
6901028181815,202512,0.0,0.5356480575807191,True
6901028181815,202601,1.0,0.46054499063216836,True
6901028181815,202602,0.0,0.8857458762967102,True
6901028181815,202603,0.0,0.4453797366695814,True
6901028181815,202604,0.0,0.33894163952812084,True
6901028181815,202605,0.0,0.5902636845442006,True
6901028181815,202606,0.0,0.6863012116454519,True
6901028182560,202502,0.0,0.468829194189178,True
6901028182560,202503,0.0,0.3900475645997816,True
6901028182560,202504,0.0,0.08656136547276061,False
6901028182560,202505,0.0,0.12700036832403344,True
6901028182560,202506,0.0,0.17865925410228536,True
6901028182560,202507,0.0,0.13022448887097895,True
6901028182560,202508,0.0,0.1949385643189972,True
6901028182560,202509,0.0,0.14705018090583816,True
6901028182560,202510,0.0,0.12738251438564457,True
6901028182560,202511,0.0,0.17833592893532313,True
6901028182560,202512,0.0,0.2305499468053585,True
6901028182560,202602,1.0,0.28782804841934734,True
6901028182560,202604,0.0,0.12213486108117538,True
6901028182560,202605,0.0,0.1976348075788304,True
6901028184304,202502,1.0,0.5665014595771657,True
6901028184304,202602,0.0,0.6853288521909019,True
6901028184304,202603,0.0,0.5164418074172344,True
6901028184304,202604,0.0,0.27241778532711963,True
6901028184304,202605,0.0,0.45249567774201643,True
6901028184304,202606,1.0,0.6520100148595497,True
6901028185912,202502,0.0,0.47705340051341594,True
6901028185912,202503,0.0,0.4656459630681086,True
6901028185912,202504,0.0,0.17200028362811504,True
6901028185912,202505,0.0,0.18182061756032858,True
6901028185912,202506,0.0,0.19414308056793628,True
6901028185912,202507,0.0,0.26531136240963415,True
6901028185912,202508,0.0,0.09473559088039037,False
6901028185912,202509,0.0,0.07391501906357881,False
6901028185912,202510,0.0,0.12952526264956704,True
6901028185912,202511,0.0,0.26888260456101715,True
6901028185912,202512,0.0,0.1583521571490798,True
6901028185912,202601,0.0,0.2704984209981379,True
6901028185912,202602,0.0,0.5234849218092211,True
6901028185912,202603,0.0,0.12701642890208942,True
6901028185912,202604,0.0,0.20953944097112098,True
6901028185912,202605,0.0,0.21777038407461258,True
6901028185912,202606,0.0,0.2678703310227932,True
6901028187343,202502,0.0,0.3750318661709741,True
6901028187343,202507,0.0,0.3485264757552856,True
6901028187343,202509,0.0,0.26747963438432965,True
6901028187343,202602,0.0,0.4477556335259293,True
6901028187343,202603,0.0,0.1494758916536372,True
6901028187343,202604,0.0,0.30524357163607196,True
6901028187343,202605,0.0,0.5046506305909486,True
6901028187343,202606,0.0,0.4579469461369885,True
6901028187855,202502,1.0,0.5513490281689917,True
6901028187855,202503,0.0,0.6031264455167595,True
6901028187855,202605,0.0,0.7064643715648989,True
6901028187855,202606,0.0,0.7511887702218689,True
6901028188029,202509,0.0,0.33581398277096713,True
6901028188029,202602,0.0,0.3470244439182301,True
6901028188029,202603,0.0,0.3034735848040331,True
6901028188029,202604,0.0,0.3677326482571653,True
6901028188029,202605,0.0,0.5331391867780135,True
6901028188029,202606,0.0,0.5666654876656628,True
6901028188081,202502,0.0,0.3607507478084505,True
6901028188081,202503,0.0,0.4179785212948857,True
6901028188081,202504,0.0,0.23081567119476992,True
6901028188081,202505,0.0,0.5303147738321533,True
6901028188081,202506,0.0,0.2248206873407219,True
6901028188081,202507,0.0,0.3693874605126753,True
6901028188081,202508,0.0,0.1946803609655984,True
6901028188081,202509,0.0,0.18048303286646666,True
6901028188081,202602,0.0,0.4047514790033717,True
6901028188081,202603,0.0,0.2361456205981177,True
6901028188081,202604,0.0,0.29323574857066725,True
6901028188081,202605,0.0,0.329956073627061,True
6901028188081,202606,0.0,0.4305943163270795,True
6901028190602,202502,0.0,0.3982798797493791,True
6901028190602,202503,0.0,0.42581732290835983,True
6901028190602,202504,0.0,0.2602969043834751,True
6901028190602,202505,0.0,0.4784029530375687,True
6901028190602,202506,0.0,0.2193043433224119,True
6901028190602,202507,0.0,0.3410323089793349,True
6901028190602,202508,0.0,0.21140516128288808,True
6901028190602,202509,0.0,0.2681694171789243,True
6901028190602,202510,0.0,0.14069144239877582,True
6901028190602,202511,0.0,0.24970331432663811,True
6901028190602,202512,0.0,0.41943097673441787,True
6901028190602,202601,0.0,0.287635926665549,True
6901028190602,202602,0.0,0.3652987939591223,True
6901028190602,202603,0.0,0.2663273645876291,True
6901028190602,202604,0.0,0.27742524166041493,True
6901028190602,202605,0.0,0.35260118105461674,True
6901028190602,202606,0.0,0.3416452614843204,True
6901028193504,202502,0.0,0.5369373949328433,True
6901028193504,202503,0.0,0.5639130857804162,True
6901028193504,202508,0.0,0.6453231207348283,True
6901028193504,202509,0.0,0.2993069745082272,True
6901028193504,202510,0.0,0.2681266712794634,True
6901028193504,202602,0.0,0.5334357716907234,True
6901028193504,202603,0.0,0.1918094792350482,True
6901028193504,202604,0.0,0.3861568501238561,True
6901028193504,202605,0.0,0.5584656593042584,True
6901028193504,202606,0.0,0.6754658727992007,True
6901028196024,202604,0.0,0.532784535378661,True
6901028196024,202605,0.0,0.6589741672077137,True
6901028204026,202605,0.0,0.5617298112450806,True
6901028204026,202606,0.0,0.6910467027457069,True
6901028204835,202503,1.0,0.5774926814730902,True
6901028204835,202508,0.0,0.5476710534196773,True
6901028204835,202509,0.0,0.4575256261480149,True
6901028204835,202510,0.0,0.462580955685812,True
6901028207508,202502,1.0,0.28148049077816806,True
6901028207508,202504,0.0,0.43931064015043403,True
6901028207508,202505,0.0,0.5358802890125611,True
6901028207508,202506,0.0,0.5922849347494902,True
6901028207508,202507,1.0,0.4499289324574501,True
6901028207508,202509,1.0,0.24726533991809815,True
6901028207508,202511,1.0,0.4137757497231627,True
6901028207508,202512,0.0,0.4725743645731575,True
6901028207508,202601,0.0,0.5767931694519791,True
6901028207508,202602,0.0,0.5073988538572629,True
6901028207508,202603,1.0,0.2971931347283341,True
6901028207508,202604,0.0,0.4142899371524614,True
6901028207508,202605,0.0,0.6020082358317017,True
6901028207508,202606,1.0,0.6346745884619367,True
6901028211352,202502,1.0,0.40646077967862115,True
6901028211352,202503,0.0,0.43479073370577864,True
6901028211352,202504,0.0,0.29033442279876265,True
6901028211352,202505,0.0,0.30012169482893686,True
6901028211352,202506,1.0,0.2650504029576829,True
6901028211352,202507,0.0,0.49743600593686066,True
6901028211352,202508,0.0,0.1459809705280302,True
6901028211352,202509,0.0,0.18380378433695857,True
6901028211352,202510,0.0,0.19828631759134455,True
6901028211352,202512,1.0,0.3286375373341799,True
6901028211352,202602,0.0,0.35608701268997994,True
6901028211352,202603,0.0,0.3081658926643576,True
6901028211352,202604,0.0,0.17808418919033248,True
6901028211352,202605,0.0,0.4603744434434638,True
6901028211352,202606,0.0,0.3865836359371608,True
6901028212229,202601,1.0,0.7147665472265156,True
6901028212229,202602,0.0,0.7747649843602374,True
6901028212229,202603,0.0,0.6529385014941564,True
6901028212229,202604,0.0,0.5333340642261527,True
6901028212229,202605,0.0,0.6796056725738838,True
6901028216166,202502,0.0,0.2700653117817698,True
6901028216166,202503,0.0,0.39272905444337325,True
6901028216166,202504,0.0,0.26667914310830787,True
6901028216166,202508,0.0,0.33126609965194304,True
6901028216166,202509,0.0,0.20520630325294498,True
6901028216166,202510,0.0,0.21782497364179426,True
6901028216166,202511,0.0,0.40594939156716564,True
6901028216166,202512,0.0,0.39202220867655685,True
6901028216166,202601,0.0,0.3337685013082858,True
6901028216166,202602,0.0,0.3475236819848459,True
6901028216166,202603,0.0,0.3864366863730427,True
6901028216166,202604,1.0,0.2818997031369795,True
6901028216166,202605,0.0,0.4338344437534386,True
6901028216166,202606,0.0,0.40294285637344407,True
6901028218153,202605,0.0,0.6410740075632744,True
6901028218153,202606,0.0,0.7053441201677892,True
6901028218184,202502,0.0,0.5122859181200612,True
6901028218603,202502,0.0,0.5255672160281232,True
6901028218603,202503,1.0,0.5598547843116388,True
6901028218603,202508,0.0,0.5833682994882335,True
6901028218603,202602,0.0,0.4462684320021865,True
6901028218603,202603,0.0,0.3988836864312978,True
6901028218603,202604,0.0,0.4288070489144587,True
6901028218603,202605,0.0,0.5770734079503107,True
6901028218603,202606,0.0,0.5186307456846772,True
6901028218634,202602,0.0,0.6204790493953523,True
6901028218634,202603,1.0,0.5308149192184881,True
6901028218634,202605,1.0,0.6234165849519219,True
6901028218757,202502,0.0,0.5207608103014533,True
6901028218757,202506,0.0,0.6007018154726319,True
6901028218757,202603,0.0,0.20924851171586983,True
6901028218757,202606,0.0,0.6042671851595384,True
6901028218900,202603,0.0,0.5133804939074503,True
6901028218900,202604,0.0,0.5660718431862489,True
6901028218900,202605,0.0,0.5773100728065681,True
6901028218900,202606,0.0,0.6052062683987799,True
6901028219174,202502,0.0,0.255178406675862,True
6901028219174,202504,1.0,0.25048600710507357,True
6901028219174,202506,0.0,0.4314638514785358,True
6901028219174,202508,1.0,0.21088601815040808,True
6901028219174,202602,1.0,0.251076078088038,True
6901028219174,202603,0.0,0.24935383223944904,True
6901028219174,202604,0.0,0.2572075427596258,True
6901028219174,202605,0.0,0.4224965287009702,True
6901028219174,202606,0.0,0.44722486631350267,True
6901028221351,202503,1.0,0.5620293007478573,True
6901028221351,202505,0.0,0.7381461738410228,True
6901028221351,202506,0.0,0.7666777761961484,True
6901028221450,202502,0.0,0.5593022053148323,True
6901028221450,202503,1.0,0.443818514553769,True
6901028221450,202504,0.0,0.5054984139742343,True
6901028221450,202506,1.0,0.582438881839384,True
6901028221450,202508,0.0,0.3668135032710428,True
6901028221450,202509,0.0,0.29958947601511315,True
6901028221450,202510,0.0,0.4090930612170521,True
6901028221450,202511,0.0,0.4548871656742308,True
6901028221450,202512,0.0,0.4867975129525859,True
6901028221450,202601,0.0,0.4819381914553802,True
6901028221450,202602,0.0,0.6352057967606773,True
6901028221450,202603,0.0,0.3912379767696409,True
6901028221450,202604,0.0,0.41615189278252157,True
6901028221450,202605,0.0,0.40846542600519276,True
6901028221450,202606,0.0,0.5695067055511994,True
6901028224079,202502,0.0,0.6554386318735027,True
6901028224079,202504,0.0,0.39086882291465136,True
6901028224079,202505,0.0,0.46590801927084446,True
6901028224079,202506,0.0,0.5854097729678072,True
6901028224079,202507,0.0,0.47180253353304585,True
6901028224079,202508,0.0,0.4704735403478151,True
6901028224079,202509,0.0,0.31491176504471385,True
6901028224079,202510,0.0,0.28238064821236586,True
6901028224079,202511,0.0,0.4030514918859466,True
6901028224079,202512,0.0,0.44332458694400234,True
6901028224079,202601,0.0,0.39456268067430067,True
6901028224079,202602,0.0,0.5779437983119501,True
6901028224079,202603,0.0,0.27072946674120824,True
6901028224079,202604,0.0,0.419134386295153,True
6901028224079,202605,0.0,0.6068887624873922,True
6901028224079,202606,0.0,0.4602277451959256,True
6901028224642,202502,0.0,0.36850004454099977,True
6901028224642,202503,0.0,0.3585900794562208,True
6901028224642,202504,0.0,0.3548517395252192,True
6901028224642,202505,0.0,0.29796116258405464,True
6901028224642,202506,0.0,0.45296870825129765,True
6901028224642,202507,0.0,0.4084401672816797,True
6901028224642,202508,0.0,0.39214904894986485,True
6901028224642,202509,0.0,0.25104470025829495,True
6901028224642,202510,0.0,0.24763433474619734,True
6901028224642,202511,0.0,0.30007690179672264,True
6901028224642,202512,0.0,0.31852782944164026,True
6901028224642,202601,0.0,0.30634537866307854,True
6901028224642,202602,0.0,0.3630964995016515,True
6901028224642,202603,0.0,0.21470407936304917,True
6901028224642,202604,0.0,0.4849977821377398,True
6901028224642,202605,0.0,0.5289270454442909,True
6901028224642,202606,0.0,0.626116616470659,True
6901028225175,202502,0.0,0.2971339894310231,True
6901028225175,202503,0.0,0.457396449956815,True
6901028225175,202504,0.0,0.2498023876503743,True
6901028225175,202505,0.0,0.2822322457429468,True
6901028225175,202506,0.0,0.45053342344785524,True
6901028225175,202507,0.0,0.4420098666700553,True
6901028225175,202508,0.0,0.4862061515506427,True
6901028225175,202509,0.0,0.08431092945076174,False
6901028225175,202510,0.0,0.11613950653331151,True
6901028225175,202511,0.0,0.38613293351151734,True
6901028225175,202512,0.0,0.346264586257371,True
6901028225175,202601,0.0,0.3493851058751529,True
6901028225175,202602,0.0,0.30597091979411345,True
6901028225175,202603,0.0,0.4319752884656131,True
6901028225175,202604,0.0,0.23028412585612917,True
6901028225175,202605,0.0,0.3203624248827349,True
6901028225175,202606,0.0,0.33401731100159193,True
6901028227285,202502,0.0,0.3606345518749096,True
6901028227285,202503,0.0,0.4072943122991723,True
6901028227285,202504,0.0,0.2958465062448765,True
6901028227285,202505,0.0,0.4619878403617452,True
6901028227285,202506,0.0,0.4872399114370464,True
6901028227285,202507,0.0,0.24732907755569447,True
6901028227285,202508,0.0,0.28756068198048723,True
6901028227285,202509,0.0,0.3531484419106733,True
6901028227285,202510,0.0,0.2481446240305076,True
6901028227285,202511,0.0,0.30438181089106287,True
6901028227285,202512,0.0,0.3311139004201434,True
6901028227285,202601,0.0,0.8288557315545281,True
6901028227285,202602,0.0,0.2754904723556177,True
6901028227285,202603,0.0,0.20903659081300566,True
6901028227285,202604,0.0,0.5764338887003901,True
6901028227285,202605,1.0,0.6576489864152442,True
6901028227285,202606,0.0,0.45048693657558975,True
6901028229074,202504,1.0,0.49959412639349926,True
6901028229074,202508,0.0,0.34805077377790805,True
6901028229074,202509,0.0,0.39169436996916673,True
6901028229074,202510,0.0,0.3605591949453867,True
6901028229074,202511,0.0,0.4936801317555509,True
6901028229074,202512,0.0,0.39098183629578886,True
6901028229074,202601,0.0,0.5043368338646459,True
6901028229074,202602,0.0,0.5846677695691418,True
6901028229074,202603,0.0,0.3624125825978929,True
6901028229074,202604,0.0,0.6773240198699829,True
6901028229074,202605,0.0,0.6871928792715329,True
6901028229074,202606,1.0,0.6923149586914971,True
6901028230186,202603,0.0,0.4578196510893631,True
6901028230186,202604,0.0,0.4547328795290423,True
6901028230186,202605,0.0,0.542522132892594,True
6901028230186,202606,0.0,0.5889175884283059,True
6901028241410,202602,0.0,0.5969419330251078,True
6901028241410,202603,0.0,0.5942627458967434,True
6901028241410,202604,0.0,0.620671573166759,True
6901028241410,202605,0.0,0.6820590847148386,True
6901028241410,202606,0.0,0.7494490854947734,True
6901028242066,202503,1.0,0.3953953776052723,True
6901028242066,202602,0.0,0.7605358672577492,True
6901028242066,202603,0.0,0.4454908234812855,True
6901028242066,202604,1.0,0.5473635715763746,True
6901028242066,202606,1.0,0.6832210035039377,True
6901028247375,202508,0.0,0.3805413280838159,True
6901028247375,202509,0.0,0.50621065441329,True
6901028247375,202510,0.0,0.3832623109427229,True
6901028247375,202511,0.0,0.5072757700423849,True
6901028247375,202601,1.0,0.263346489842209,True
6901028247375,202602,0.0,0.6678347315700918,True
6901028247375,202603,0.0,0.3756907205055013,True
6901028247375,202604,1.0,0.3919031172178898,True
6901028247375,202605,0.0,0.49235224481818307,True
6901028247375,202606,1.0,0.8142831111129694,True
6901028252959,202509,0.0,0.4164761678131369,True
6901028252959,202512,0.0,0.608632334927221,True
6901028252959,202601,1.0,0.5561645758264351,True
6901028252959,202602,0.0,0.7360767546610414,True
6901028252959,202603,0.0,0.6164965825739337,True
6901028252959,202604,0.0,0.48100172746899555,True
6901028252959,202605,0.0,0.6317944279811223,True
6901028252959,202606,1.0,0.6653576774081698,True
6901028268950,202602,0.0,0.6681290214711834,True
6901028268950,202603,0.0,0.48542204196487354,True
6901028268950,202605,0.0,0.5624553408575105,True
6901028268950,202606,0.0,0.695399734358074,True
6901028268981,202603,0.0,0.3473069596136377,True
6901028268981,202604,1.0,0.35039822914334545,True
6901028268981,202605,0.0,0.7262838241971549,True
6901028268981,202606,0.0,0.8820635390725605,True
6901028271547,202602,0.0,0.7173697902479471,True
6901028271547,202604,0.0,0.35159204844827424,True
6901028271547,202605,0.0,0.6065686339086253,True
6901028271547,202606,0.0,0.7072575595515193,True
6901028275668,202602,0.0,0.7830229422482562,True
6901028275668,202604,0.0,0.5158161789107693,True
6901028275668,202605,0.0,0.4678641228471664,True
6901028275668,202606,0.0,0.693763279754674,True
6901028312356,202602,0.0,0.8275424322943254,True
6901028312356,202603,0.0,0.7888028443301505,True
6901028312356,202604,0.0,0.6283638383210827,True
6901028312356,202606,0.0,0.7982356399871184,True
6901028314459,202502,0.0,0.7411193036153582,True
6901028314459,202503,0.0,0.5053876564950976,True
6901028314459,202504,1.0,0.5468307168998953,True
6901028314459,202505,0.0,0.5935161405884599,True
6901028314459,202506,0.0,0.713832036126601,True
6901028314985,202502,0.0,0.6123658790494546,True
6901028314985,202503,0.0,0.639304121965423,True
6901028314985,202504,0.0,0.36179105110428367,True
6901028314985,202505,0.0,0.49588937201683425,True
6901028314985,202506,0.0,0.5387464939956448,True
6901028314985,202507,0.0,0.48898921332100187,True
6901028314985,202508,0.0,0.26316387567532246,True
6901028314985,202509,0.0,0.2748922778315219,True
6901028314985,202602,1.0,0.650701863922674,True
6901028314985,202604,1.0,0.3367970586249338,True
6901028314985,202606,0.0,0.5458049872519661,True
6901028315432,202502,0.0,0.5708908876197264,True
6901028315432,202503,0.0,0.6581580297415772,True
6901028315432,202504,0.0,0.40678732888278785,True
6901028315432,202505,0.0,0.6688656911225473,True
6901028317177,202502,0.0,0.3198414435063647,True
6901028317177,202503,0.0,0.4101107262241894,True
6901028317177,202504,0.0,0.384518269294552,True
6901028317177,202505,0.0,0.16254688584013352,True
6901028317177,202506,0.0,0.47362275424828115,True
6901028317177,202507,0.0,0.2726101550367002,True
6901028317177,202508,0.0,0.2590201660989795,True
6901028317177,202509,0.0,0.1357695676354293,True
6901028317177,202510,0.0,0.12609068125665476,True
6901028317177,202511,0.0,0.28241071759949143,True
6901028317177,202512,0.0,0.41105224578591726,True
6901028317177,202601,0.0,0.4653249250552739,True
6901028317177,202602,0.0,0.4607274375691415,True
6901028317177,202603,0.0,0.27182707542992735,True
6901028317177,202604,0.0,0.2249839472155408,True
6901028317177,202605,0.0,0.3983804881182027,True
6901028317177,202606,1.0,0.4639823401431481,True
6901028324830,202507,1.0,0.561122456087157,True
6901028324830,202508,0.0,0.402490830325441,True
6901028324830,202602,0.0,0.4656595573440685,True
6901028324830,202603,0.0,0.42765805221445635,True
6901028324830,202604,0.0,0.39381717769057806,True
6901028324830,202605,0.0,0.5611371336415505,True
6901028324830,202606,1.0,0.6051808605435302,True
6901028325257,202603,0.0,0.4966864133866847,True
6901028325257,202604,0.0,0.33075152408242575,True
6901028325257,202605,0.0,0.5281034724589092,True
6901028325257,202606,0.0,0.5656995900440227,True
6901028339957,202502,0.0,0.29662734310203936,True
6901028339957,202503,0.0,0.43581140849904443,True
6901028339957,202504,0.0,0.3287819685733849,True
6901028339957,202506,1.0,0.38277844069809847,True
6901028339957,202508,0.0,0.19284662308034747,True
6901028339957,202509,0.0,0.24116978957558005,True
6901028339957,202510,0.0,0.12561783004804683,True
6901028339957,202511,0.0,0.29725746479203813,True
6901028339957,202512,0.0,0.2858703884795306,True
6901028339957,202601,0.0,0.5551280534606877,True
6901028339957,202602,0.0,0.47500847656673784,True
6901028339957,202603,0.0,0.25272795381550633,True
6901028339957,202604,0.0,0.2937974664208008,True
6901028339957,202605,0.0,0.38312611522087064,True
6901028339957,202606,0.0,0.3511706586154066,True
6901028936477,202504,0.0,0.4383771518702765,True
6901028936477,202505,0.0,0.5411286248825957,True
6901028936477,202506,0.0,0.6122422633407066,True
6901028936750,202502,0.0,0.5963072184276649,True
6901028936750,202503,0.0,0.475631449929024,True
6901028936750,202504,0.0,0.45295307353105435,True
6901028936750,202505,0.0,0.5630261697867284,True
6901028936750,202507,0.0,0.5707901461958617,True
6901028936750,202508,0.0,0.44913620197961446,True
6901028936750,202509,0.0,0.35323810181893234,True
6901028936750,202510,0.0,0.3982146746400181,True
6901028936750,202511,1.0,0.5041780305370062,True
6901028936750,202512,0.0,0.5116245541220537,True
6901028936750,202601,0.0,0.46283857335052525,True
6901028936750,202602,0.0,0.5858951310498525,True
6901028936750,202603,0.0,0.3793953320752168,True
6901028936750,202604,0.0,0.47739941447908574,True
6901028936750,202605,1.0,0.6272874203309232,True
6901028936750,202606,0.0,0.8276153967892983,True
6901028936996,202502,0.0,0.4229744048318773,True
6901028936996,202503,0.0,0.25853512036970167,True
6901028936996,202504,0.0,0.23683174146393002,True
6901028936996,202505,0.0,0.3490847142906026,True
6901028937535,202503,1.0,0.5872268948355132,True
6901028937535,202505,0.0,0.5607803293816802,True
6901028937832,202502,1.0,0.7209850798611178,True
6901028937832,202503,0.0,0.45935269808702567,True
6901028937832,202508,0.0,0.32216550934048943,True
6901028937832,202509,0.0,0.4022641041374999,True
6901028937832,202510,0.0,0.24351674202906404,True
6901028937832,202511,1.0,0.4078817368497908,True
6901028937832,202512,0.0,0.5388858095162774,True
6901028937832,202601,0.0,0.6148552910420442,True
6901028937832,202602,0.0,0.5201696113238217,True
6901028937832,202603,0.0,0.36514626579620263,True
6901028937832,202604,0.0,0.39705920401873696,True
6901028937832,202605,1.0,0.5584149239870229,True
6901028937832,202606,0.0,0.4743672997847398,True
6901028940504,202502,0.0,0.6805850596322336,True
6901028940504,202503,0.0,0.82785166290149,True
6901028940504,202504,0.0,0.43552795739071654,True
6901028940504,202505,0.0,0.5279692614448145,True
6901028940504,202506,0.0,0.5919476239464907,True
6901028940504,202507,0.0,0.6868286349158755,True
6901028940504,202508,0.0,0.28288113180297286,True
6901028940504,202509,0.0,0.2601360650383096,True
6901028940504,202510,0.0,0.359882902754201,True
6901028940504,202511,0.0,0.5733141881087829,True
6901028940504,202512,0.0,0.5207150354204697,True
6901028940504,202602,1.0,0.695661904155498,True
6901028940504,202604,0.0,0.5172148316816155,True
6901028940504,202605,0.0,0.6076812323641534,True
6901028940504,202606,0.0,0.8096889289152386,True
6901028942911,202502,1.0,0.805079834342482,True
6901028942911,202504,0.0,0.38063176993066217,True
6901028942911,202508,0.0,0.39685695100376156,True
6901028942911,202509,0.0,0.20161107032417067,True
6901028942911,202510,0.0,0.2557736613077499,True
6901028942911,202511,0.0,0.41619171795418075,True
8888075018616,202508,1.0,0.09877909587172193,True
8888075024037,202508,1.0,0.18522080325283863,True
