code,ym,T,Y,tau,dr,fold
6901028000833,202510,1.0,0.0596811624446687,0.24569817914738806,2.025020863014628,1
6901028000833,202511,0.0,1.5057069422596356,-1.0163764486438074,2.9037241750645046,1
6901028001625,202510,0.0,-0.6219173878039967,0.2745467401876864,0.1310463702115583,1
6901028001625,202511,0.0,-4.521832363129782,0.3440582060420228,7.057579227586528,1
6901028005036,202510,0.0,1.3597324478196455,-0.12853468476953933,-1.8907054286718923,1
6901028005036,202511,0.0,-0.24202097856903038,0.9720834209961456,-1.5065179380248395,1
6901028009744,202510,0.0,1.162611393724255,-0.7190669392718532,-3.433646389121138,1
6901028009744,202511,0.0,-1.2324013962050628,0.5392469945537675,-2.167570317202597,1
6901028009805,202510,0.0,0.5262170394348189,0.17406802557606282,-8.51407117409295,1
6901028009805,202511,0.0,-3.405306270222461,0.2571090604855647,6.022018187410399,1
6901028024976,202510,0.0,-0.44744573007373845,0.6267830396009075,-1.2034921302810544,1
6901028042635,202510,0.0,-6.395897217204116,-0.25656992807538864,14.842908631969218,1
6901028042635,202511,0.0,-13.586462462670674,-1.331527356647089,57.25986352758001,1
6901028045919,202510,1.0,9.59181200543113,-1.4429429019244868,-5.543377320259213,1
6901028046893,202511,1.0,-0.11273285448343273,0.04703020730377609,-1.337031667903804,1
6901028057080,202510,0.0,4.391380775942686,-1.2705177345765073,-4.8507794549668874,1
6901028058148,202510,0.0,7.565672543986921,-1.3939442930271517,1.6407890303756827,1
6901028062015,202511,0.0,-0.974949829423366,0.5958958573617942,-0.20726126776671872,1
6901028063371,202510,0.0,0.5970564915834728,0.22402510401598835,-1.1582047183221877,1
6901028071475,202510,0.0,2.6777509501602736,-0.9858906228203553,-2.383206021680299,1
6901028071536,202510,0.0,0.9458550115154836,-0.24396912705390855,-2.791651351537279,1
6901028075015,202510,1.0,2.8863263541716577,-0.21655916467891329,2.320430635189396,1
6901028075015,202511,0.0,19.83398643448286,-0.9884138532223707,-127.53275983724319,1
6901028075022,202511,0.0,11.86656325784378,-0.779330911037087,32.70085088302544,1
6901028075053,202510,0.0,-12.965030995901543,1.210243750684497,19.995769246486436,1
6901028075053,202511,1.0,-2.2037903478781473,0.564605642507578,-3.041812180650166,1
6901028079990,202511,1.0,-1.9201080444200187,0.6956356139628936,1.8460307011177826,1
6901028080224,202511,1.0,-2.7170243325365107,0.0930716930213881,-10.509427636563741,1
6901028084321,202511,0.0,3.575582770095778,-1.0858410632738256,-6.522097350222214,1
6901028084772,202510,0.0,-0.23974696679928797,1.1095173647620504,-1.8893358298380494,1
6901028084772,202511,0.0,-0.13709145589039196,0.6574408227880781,-1.0445075389803098,1
6901028084925,202510,0.0,-0.7130140374279179,0.5056463756798572,-1.7827236659976697,1
6901028084925,202511,0.0,-2.513058546584645,0.45061742477333466,2.246337722015828,1
6901028098335,202510,0.0,-1.220358451551533,-0.1585883160560744,-0.6034313091567647,1
6901028111270,202510,0.0,-0.4344761573862499,0.8842779106371272,0.11825484327354038,1
6901028111270,202511,0.0,0.22740999328159717,0.43245381976534375,-0.5113655275043831,1
6901028118187,202510,0.0,-0.2811008398500974,0.1257696942257302,-0.4767515567479865,1
6901028118187,202511,0.0,-0.3701391097650557,0.013626924779648941,0.6654726763489716,1
6901028118828,202510,0.0,-5.892694615261512,-0.7452172820334727,13.812311848532078,1
6901028118828,202511,0.0,-11.92389744576952,-0.9288816113704701,30.97520826617365,1
6901028124058,202510,0.0,-6.058782580759313,-0.3111376894310325,13.321251802633824,1
6901028124058,202511,0.0,-1.6479191886258704,0.7057053036764707,-18.272454201069554,1
6901028125970,202511,0.0,17.389000975173225,-0.8018394964978282,-35.769421128947506,1
6901028136891,202510,0.0,0.227126416855306,0.40334703136069905,-0.934642941581022,1
6901028136891,202511,0.0,0.01896435555907061,0.517088124013647,-1.2120119335497788,1
6901028141147,202510,0.0,-0.08001045606233959,0.33801461614752804,-1.001904089599659,1
6901028143554,202510,0.0,-1.870830816549585,0.8086848900637237,0.9408546573454282,1
6901028143554,202511,0.0,-5.769924329114389,-0.6062914954189823,10.77641119797317,1
6901028145077,202510,0.0,1.4223395501308573,0.19458382285771236,-5.858505384676809,1
6901028145077,202511,0.0,-10.613291641963897,0.39513844143804305,344.70814182579596,1
6901028145473,202510,0.0,-0.6899463543393978,0.6133194087739189,-4.291749338486474,1
6901028151634,202510,0.0,-0.952688694586314,0.6920575028838506,-0.9377672263416177,1
6901028151634,202511,0.0,1.7763907972924713,-1.449827621377608,-0.3962930471460764,1
6901028155557,202510,0.0,-1.3401096045872833,0.09038648855717216,0.09974220990615368,1
6901028155557,202511,0.0,-1.6467646386443064,0.6022830486290727,1.4699035109899883,1
6901028159548,202510,0.0,-0.05325778504780487,0.5407173211810639,-1.0370513131276673,1
6901028159753,202510,1.0,-0.5391973836502899,-0.016811884489701633,8.60121743198908,1
6901028159753,202511,0.0,0.3896807124286994,-1.182643392615046,2.12464734703551,1
6901028162876,202510,0.0,0.3786868510566066,-0.015642828963717492,-1.141313717753063,1
6901028162876,202511,0.0,1.8606140271094134,-0.38738920437507146,-1.1858881216277437,1
6901028165242,202510,0.0,-0.4546632448841521,1.0661767250491787,-1.072384326660183,1
6901028165242,202511,0.0,0.8032352802823866,-0.19402797032178837,-0.31594462229468306,1
6901028172509,202510,0.0,1.605915107258646,-0.4399997047469907,-4.657516067857051,1
6901028172509,202511,0.0,-0.5983409975319063,0.08752346919281011,-0.5025643722223925,1
6901028177214,202510,0.0,14.76146496434071,-0.8811294933506173,-10.133971163086716,1
6901028178105,202511,0.0,-1.3869731944230494,0.8363309617253024,0.3486386642435595,1
6901028179270,202510,0.0,-0.08400684068744368,0.6567734380194588,-1.9237264879922398,1
6901028179270,202511,0.0,-0.24869165467996623,0.5546258487057009,-0.9310964892249021,1
6901028179348,202510,0.0,-0.44878125203290153,0.464530568931216,-1.657551149686983,1
6901028179348,202511,0.0,-1.535021637948283,0.527144305088434,1.0833994802521707,1
6901028180580,202510,0.0,-0.16276594121646326,0.6054421985558198,-0.9951626480159282,1
6901028180580,202511,0.0,-0.41598540583861876,0.562223054872205,-0.6160353933635908,1
6901028180603,202510,0.0,-0.31096477184534166,0.5002280407767198,-0.6859534031548811,1
6901028180603,202511,0.0,-2.0411115786748724,0.3122985818168641,1.9323082307159973,1
6901028180818,202510,0.0,-1.0670277157757226,0.8468078480561653,-0.4496554695491639,1
6901028180818,202511,0.0,0.03241285738955213,0.6685874042280047,-0.41623168502791197,1
6901028181815,202510,0.0,-0.13195166072301134,0.583128506683622,-1.437268021820616,1
6901028181815,202511,0.0,-0.46811247515195475,0.4657491165935455,-0.6042944044269845,1
6901028182560,202510,0.0,-0.00777986081067894,0.6013085434518503,-1.6570190449417623,1
6901028182560,202511,0.0,-0.21484760870474418,0.16477470321112606,-1.043532158643861,1
6901028185912,202510,0.0,0.03163241328932287,0.3596074374210647,-1.844214037086406,1
6901028185912,202511,0.0,-0.17662611818863638,0.3063169220085117,-1.7225661333274753,1
6901028190602,202510,0.0,-1.027670291769084,0.9134792451638669,-0.17478555877559943,1
6901028190602,202511,0.0,-0.010965729295087101,0.8577832295498964,-0.5845771531207729,1
6901028193504,202510,0.0,-7.637195779921008,0.4651212527110607,11.712726989916002,1
6901028204835,202510,0.0,-0.8355183074635448,0.19202774455950772,-2.418599512321793,1
6901028207508,202511,1.0,-0.3253388158175312,0.6373038377907432,0.945523595762859,1
6901028211352,202510,0.0,-0.10770513309100949,0.390245667533621,-0.1839728309714427,1
6901028216166,202510,0.0,0.32080813242716033,-0.09806952278580147,-2.3484967885378842,1
6901028216166,202511,0.0,0.17599269630975556,-0.891884148874852,1.134931706665628,1
6901028221450,202510,0.0,-3.2969513681122464,-0.28466596910780084,7.2260567040665435,1
6901028221450,202511,0.0,-1.3737556659115029,0.29214310223940343,-0.7337887663356777,1
6901028224079,202510,0.0,-2.2303561565077175,1.1571450657732063,1.2881036080658927,1
6901028224079,202511,0.0,-0.3126483569602385,0.671308411231579,-0.16921274522404195,1
6901028224642,202510,0.0,0.5804576218773931,-0.3081611668590136,-1.2808135507771785,1
6901028224642,202511,0.0,-1.2893545482782685,0.8080406645769497,0.014320458413892845,1
6901028225175,202510,0.0,-0.2574108796477006,0.8509507104558793,-1.0584230086654722,1
6901028225175,202511,0.0,0.8990067419080887,0.26387940747540206,-1.0909498518886365,1
6901028227285,202510,0.0,-0.2652615057240766,0.8903013419535981,-2.4466965209146174,1
6901028227285,202511,0.0,-4.686192341832722,0.5250809691590821,8.356966501873035,1
6901028229074,202510,0.0,-0.0011422223915431573,0.4552803904306608,-3.10074634094154,1
6901028229074,202511,0.0,-3.6026514778250487,0.1899655310217268,5.1726644975145915,1
6901028247375,202510,0.0,0.6182235566872691,0.10567661068086771,-4.568624549030854,1
6901028247375,202511,0.0,0.5886436150128063,-0.2238237253364821,-2.1345144821971864,1
6901028317177,202510,0.0,-2.68956808466654,0.6282621974404942,1.213230453150789,1
6901028317177,202511,0.0,-6.637635323205494,0.20682228721219026,8.02186833603209,1
6901028339957,202510,0.0,-0.2182625963754603,0.7677133104921536,-1.4186192793150014,1
6901028339957,202511,0.0,0.3343942013274699,-0.056083201726257526,0.7244751427038714,1
6901028936750,202510,0.0,-2.953214643661717,-0.04607510953329684,3.087855149049224,1
6901028936750,202511,1.0,-5.274620618389569,-0.7380858708756746,-12.254996211787269,1
6901028937832,202510,0.0,-3.737965103861626,0.7786132206944916,3.7916722521771344,1
6901028937832,202511,1.0,-6.1593081503639695,0.07525078247310873,-13.775951846225423,1
6901028940504,202510,0.0,0.10705217899725028,0.2771411542963462,-0.31817678732172316,1
6901028940504,202511,0.0,-2.092604161815764,0.14115891868621858,2.2503861195428216,1
6901028942911,202510,0.0,0.16171617512281955,0.957440273419489,-2.6035193796649176,1
6901028942911,202511,0.0,0.33458977170175075,0.44858066435749844,-1.2144040982554325,1
6901028000833,202512,0.0,0.30216329753881865,0.5832720643973546,-2.3699908158705543,2
6901028000833,202601,0.0,0.5855433175157643,0.035553728829615244,-2.020366539691059,2
6901028001625,202512,0.0,0.03778932712683769,-0.1212869452447993,0.5194192343190651,2
6901028005036,202512,0.0,0.48818568217812697,0.13299578974212703,-2.91190870455445,2
6901028005036,202601,0.0,-1.86809942773381,0.4122808957692479,1.5925421310656,2
6901028009744,202512,1.0,-0.12342262880230237,0.4011290477066755,2.2393079256905866,2
6901028009744,202601,0.0,1.2228707786663193,-0.7846002851912284,7.143776310440222,2
6901028009805,202512,0.0,-0.8851093967323536,0.3796263554603333,-2.192112510572548,2
6901028009805,202601,0.0,3.472334352444477,-0.551965090904988,-5.079871669637385,2
6901028024976,202512,1.0,0.45765181906692476,0.5326951868073558,2.150739575962757,2
6901028042635,202512,0.0,5.0817961169762995,-0.1628597647265816,-2.7746344531977263,2
6901028042635,202601,0.0,17.570155564060848,-0.8148079672228246,-16.113211713548566,2
6901028045919,202512,0.0,8.233777527221186,-0.3599385275658235,-7.217242356474547,2
6901028045919,202601,0.0,1.949145306401114,0.14353288484162274,-4.392399560580001,2
6901028062015,202512,0.0,1.7571051889735756,0.012220887910630113,-6.2673501069934625,2
6901028062015,202601,0.0,0.7411695086888272,0.22415809235070205,-4.204455267839539,2
6901028071475,202601,1.0,-9.224162713533353,0.7608180909770212,-12.48110411826632,2
6901028075015,202512,0.0,0.9627338647654824,0.2707217918793,-67.56966524123966,2
6901028075015,202601,0.0,4.86626744440516,0.10934598236007695,-20.5514279293004,2
6901028075022,202512,0.0,4.9583191850177,0.16078934747748996,-91.06469469435909,2
6901028075022,202601,0.0,6.690963844528142,0.19001102435872647,-54.69849486543407,2
6901028075053,202512,0.0,12.403326133076668,-0.6693395764183319,-0.9923540109977917,2
6901028075053,202601,0.0,2.8000628664630867,-0.2602841726443444,-3.8921988083009067,2
6901028079990,202601,0.0,2.0856901104213534,0.2193773534453423,-9.120412814526983,2
6901028084321,202512,0.0,1.9824191445617458,0.040438211213638095,-3.730660103619474,2
6901028084321,202601,0.0,-1.8464859277764702,0.9040112096842068,-2.950295520626783,2
6901028084772,202512,0.0,-0.6280275810523364,1.0306078670994383,-0.8277371095008474,2
6901028084772,202601,0.0,-1.055944685298023,0.42411965238603233,1.0186675722230585,2
6901028084925,202512,0.0,-0.25786347850119284,0.05648710690706492,-1.6444616267181489,2
6901028084925,202601,0.0,2.1213761161554956,-0.2615533091854325,-4.670142169729154,2
6901028111270,202512,0.0,0.561551197344599,0.9249643679734313,-2.3558769646194175,2
6901028112505,202512,1.0,-1.884771745403448,-0.21726172320732992,-0.766481701194603,2
6901028118187,202512,0.0,0.36875329139004975,0.5063424395276637,-0.40295297175672673,2
6901028118187,202601,0.0,0.782784166410778,0.1275205720571051,-0.2682301632870519,2
6901028118828,202512,0.0,9.545526518931297,-0.5104183232915478,-7.612149172267759,2
6901028118828,202601,0.0,15.813243765046849,-0.23515573008511084,-8.220925199181822,2
6901028119009,202601,1.0,2.9227370601708955,-0.11328089888425746,-1.5610374050084062,2
6901028124058,202512,0.0,7.884656916523312,-0.49334710562589074,-6.115016780465047,2
6901028124058,202601,0.0,1.9779422899117236,0.1326708243282772,-8.185291316239294,2
6901028125970,202601,1.0,5.010577773911585,0.016580674216646024,-10.789301856119039,2
6901028136686,202601,0.0,0.4009538597027813,0.3073633862141637,-1.7848061386592116,2
6901028143554,202512,0.0,1.7733103820631229,-0.3059463592917176,-2.64175897377756,2
6901028143554,202601,0.0,5.517341077325227,-0.8305966035780823,-1.3106873935101762,2
6901028145077,202512,0.0,0.3234460891100355,0.4894269862266041,-6.154816442348041,2
6901028145077,202601,0.0,10.951219851897797,-0.5516894052304072,2.5920360532968676,2
6901028151634,202512,0.0,0.671048636747237,0.43701935010015575,-2.109680313219839,2
6901028151634,202601,0.0,0.20656317145581937,0.5755337172726458,-1.9290398278162186,2
6901028155557,202512,0.0,1.7088803161278463,-0.02671947357512964,-2.2528120686782875,2
6901028159548,202512,1.0,-0.1914596336180452,1.0202159267308026,14.726710816448211,2
6901028159753,202512,1.0,0.48969240600006003,0.35625369971301024,4.454195246931525,2
6901028162876,202512,0.0,0.9708462830541293,-0.21307432958649242,-2.3994979478748077,2
6901028162876,202601,0.0,0.044193829402821905,0.748010964295032,-3.1760305597685066,2
6901028165242,202512,0.0,-3.5223845898329174,0.8661413811412562,4.20798665515502,2
6901028165242,202601,0.0,-0.04004405685576273,0.28258882990649165,-1.59124102271847,2
6901028165860,202601,0.0,-1.3564908946953693,-0.1475075337545641,37.99427325990223,2
6901028172509,202512,0.0,0.7558965324229163,0.24839365083959514,-3.362454681577728,2
6901028172509,202601,0.0,1.0706015547676202,-0.26217930565651026,-3.2695201284075472,2
6901028178105,202512,0.0,2.542104502573764,0.29568176546260777,-6.790450606164555,2
6901028178105,202601,0.0,0.22850410201073146,0.3057700107092267,-4.5339984297616125,2
6901028179270,202512,0.0,0.20863728885326793,1.043523049554302,-1.3738983336209505,2
6901028179270,202601,0.0,0.4385878053546435,0.4236561046865992,-1.0720004723831371,2
6901028179348,202512,0.0,0.4297453368728412,0.6645422825674828,-2.6730089879181436,2
6901028179348,202601,0.0,1.390546604416329,-0.00918926516121503,-3.283142673086236,2
6901028180580,202512,0.0,0.22785681931688373,0.7640173487563474,-1.0959697311527707,2
6901028180580,202601,0.0,0.28609943876407584,0.5295018469238475,-0.6320440556155541,2
6901028180603,202512,0.0,0.44043926604865646,0.5950722628470284,-1.058641262162773,2
6901028180818,202512,0.0,-0.6157115987631272,-0.04122457752404407,0.3745768961259859,2
6901028180818,202601,0.0,-2.0399045949507695,0.49476272995638554,1.958188071335103,2
6901028181815,202512,0.0,-15.101098490129399,0.5565050360980269,22.529308808725986,2
6901028181815,202601,1.0,0.2449311127670981,-0.13106336731844795,-0.5022704149579773,2
6901028182560,202512,0.0,0.002691686728333309,0.5235515498597761,-1.4488734564199106,2
6901028185912,202512,0.0,0.023500555782767663,0.3348284286620587,-1.152123232088285,2
6901028185912,202601,0.0,0.022644178595186304,0.45676183962312317,-0.6836630111869038,2
6901028190602,202512,0.0,0.990561848009925,0.09463158383729461,-2.193028117480123,2
6901028190602,202601,0.0,-0.0919562003618708,1.063465698597877,-1.6143872412208982,2
6901028207508,202512,0.0,0.7441980418263796,-0.08028482979037482,-2.7384034018258974,2
6901028207508,202601,0.0,0.3148466314824887,0.09299162211015138,-3.1115566603240628,2
6901028211352,202512,1.0,0.25079248546252586,0.6083477716233998,0.8239615616865097,2
6901028212229,202601,1.0,1.7809535478455132,-0.053931246675558965,4.122757075521537,2
6901028216166,202512,0.0,-0.16881087946971718,0.5195981132825148,-0.7603933272989086,2
6901028216166,202601,0.0,0.28491688568635,-0.04433521114361709,-0.34765202085509295,2
6901028221450,202512,0.0,4.677573692688405,-0.0914205313232769,-7.561670128100905,2
6901028221450,202601,0.0,0.12626129307480483,0.19412347301795937,-3.9180834160322697,2
6901028224079,202512,0.0,1.6664635696476893,0.13125398669502847,-3.837572220116342,2
6901028224079,202601,0.0,0.1826088429113355,0.6433999603515931,-1.8860992802226804,2
6901028224642,202512,0.0,0.7984347609075826,0.27613221970971724,-1.7199771553020908,2
6901028224642,202601,0.0,0.763798753541181,-0.013865859462289656,-0.8224055841699771,2
6901028225175,202512,0.0,0.2776845705871409,1.1835818424456153,-2.0474844249040305,2
6901028225175,202601,0.0,-0.4303614460387095,0.48376770558665116,-0.41796860814871806,2
6901028227285,202512,0.0,0.23222058979550297,0.6757632144840726,-3.103190667974691,2
6901028227285,202601,0.0,3.091598317453858,-0.019390308311134224,-5.173488377266828,2
6901028229074,202512,0.0,0.23282506794085123,0.4314851626849619,-3.247348821050413,2
6901028229074,202601,0.0,3.4342387834262595,-0.4413269542778024,-7.211910139644751,2
6901028247375,202601,1.0,-0.3523647790279938,0.43717719386963,3.1616154090457025,2
6901028252959,202512,0.0,-1.000908725615723,-0.3148792357149949,-0.007073234815121676,2
6901028252959,202601,1.0,2.2356607954527092,-0.4005345217646494,4.22911447226182,2
6901028317177,202512,0.0,2.678957200996159,-0.17287789969863737,-5.359250184263564,2
6901028317177,202601,0.0,5.723854459385208,-0.15497747773672607,-2.629018573277069,2
6901028339957,202512,0.0,-0.5347421960298249,1.1536730889776368,-0.848811097633162,2
6901028339957,202601,0.0,-0.1739159525041032,0.04704543951456495,1.4630338608356257,2
6901028936750,202512,0.0,4.042525070577682,-0.7711496317175615,-2.985267861284716,2
6901028936750,202601,0.0,5.803844891332446,-0.5046063896104466,-0.002785839214062946,2
6901028937832,202512,0.0,3.6416505129407284,-0.5186698467558081,-6.724881656149538,2
6901028937832,202601,0.0,6.5381715062657335,-0.7627092674794014,-10.101762292909724,2
6901028940504,202512,0.0,-0.00015295959141070625,0.5585501691801452,0.20056989995266727,2
6901028000833,202602,0.0,-0.09280712089163501,-0.00045966621330949253,-5.479362431286664,3
6901028000833,202603,0.0,0.011195351732297354,0.09959655142693787,-1.3234500783074,3
6901028005036,202602,0.0,-0.8194947603535851,-0.1100771764622096,-3.3596852409842217,3
6901028005036,202603,0.0,1.5017983119301945,-0.44825781228963346,-1.7455507788383433,3
6901028009744,202602,0.0,-0.025112739665814843,-0.2638259717297114,-10.170673577884616,3
6901028009744,202603,0.0,-0.18048251995577402,-0.3398529579191154,-3.7926154608228275,3
6901028009805,202602,0.0,0.698436096425155,-0.5660173232014023,-8.464532767965364,3
6901028009805,202603,0.0,-8.314395856137722,-0.31024232252831924,12.57200498217309,3
6901028010115,202602,0.0,-0.6004278513537855,-0.48172028105714176,13.393089746505062,3
6901028010115,202603,1.0,12.452195396275794,-0.8577245555918687,-1.7740914775330108,3
6901028010771,202603,0.0,5.619682768290346,-0.9768119524821639,-1.989374278496415,3
6901028012003,202603,0.0,-0.195824816552701,-0.2874766237931199,-1.758490298648515,3
6901028024976,202602,0.0,-3.9974630919387124,0.005341443171616173,45.690886491527365,3
6901028042635,202602,0.0,1.3659710078212584,-0.40134315071435095,-24.83344741577094,3
6901028042635,202603,0.0,-12.086213295014012,-0.49478203242871255,55.03829840466542,3
6901028045919,202602,0.0,-0.6524951865075153,-0.14914111456911933,-5.569054194123561,3
6901028045919,202603,0.0,0.2710212298864221,-0.40072473767335537,-2.2930890144425033,3
6901028046893,202602,1.0,-0.41288235875714463,0.07365734276548636,6.593231741519562,3
6901028057080,202603,0.0,-0.061173797225961835,-0.05820001230405915,-1.52917605880464,3
6901028058148,202602,0.0,0.20138371312098258,0.07753628941778666,-5.740432625335666,3
6901028058148,202603,0.0,4.547940410268438,-0.4720559694327,-3.5755405952277566,3
6901028062015,202602,0.0,-0.6928024490319942,-0.2633431789314546,-3.420313747792815,3
6901028062015,202603,0.0,0.06459675797000841,-0.22549163878375122,-1.1397016967899813,3
6901028062329,202602,0.0,1.1185275786933175,-0.17647040613631515,-16.09997541392655,3
6901028062329,202603,0.0,2.144543145574886,-0.2653673753008571,-4.631265962168895,3
6901028062350,202602,0.0,0.7904195060728156,-0.5670616394543283,-9.923830338706422,3
6901028062350,202603,0.0,0.08171320275432947,-0.2872174881611316,-2.5997507016091363,3
6901028063371,202602,1.0,-0.27420623023775903,0.09557113216889275,2.3497420942031253,3
6901028065504,202602,0.0,0.851329855731521,-0.34683377213877087,-2.445822786383263,3
6901028065504,202603,0.0,6.113458302319103,-0.6674828626275264,3.1625909854269487,3
6901028071475,202603,0.0,6.761010593257531,-0.690123245643665,1.2074768041103938,3
6901028071536,202603,0.0,-0.3967752733442751,-0.21867674919976315,-2.513491807821746,3
6901028075015,202602,0.0,-0.9612189042929344,-0.42538297881247794,-8.951907772163722,3
6901028075015,202603,0.0,-0.3753146477512104,-0.28949204048952465,-6.867725700933452,3
6901028075022,202602,1.0,-1.2686458316335774,-0.24290959065845702,3.011450920934374,3
6901028075022,202603,0.0,-0.05127040289211493,-0.1193843177530234,-22.819902031362194,3
6901028075053,202602,0.0,0.226722365334318,0.017962558713078114,-6.807666171680734,3
6901028075053,202603,0.0,-2.4220783036885436,0.3874230084683276,2.4396680820076657,3
6901028077910,202602,0.0,-7.519118542368865,-0.443014527076232,18.15798439518214,3
6901028077910,202603,0.0,1.5328958740004026,-0.49740670252826436,-15.644051787524788,3
6901028079990,202602,0.0,0.1461273302403896,-0.3603449155044438,-10.494106964932417,3
6901028079990,202603,0.0,-0.15894203532650408,-0.3458025062057153,-7.013023533741636,3
6901028084321,202602,0.0,-0.2255001788650972,0.011457880180426191,-3.9313259482475345,3
6901028084772,202602,0.0,-6.279078530294939,-0.11011995473656136,10.512636544426675,3
6901028084772,202603,0.0,-0.14204221593450228,-0.260191603907529,-1.2014878137583231,3
6901028084925,202602,0.0,0.27664869098104816,-0.6337961829108347,-11.026597277667797,3
6901028084925,202603,0.0,-4.74361444863834,-0.5299935241028837,7.5876661009586135,3
6901028098335,202603,0.0,-0.45000617057537795,0.0144353267189445,-1.0436038821173894,3
6901028104302,202602,1.0,-0.2658058894651134,-0.27400156556876387,2.5107495008499776,3
6901028104302,202603,0.0,-2.067848641948842,-0.36809358134254516,4.689398256159951,3
6901028111270,202602,1.0,-0.6334190783294318,-0.04284852606389408,3.2621338450085378,3
6901028111546,202602,0.0,0.294582650189227,-0.4280950170377521,-26.190628835754993,3
6901028112505,202602,0.0,0.28935444975392244,-0.4486502163857906,-13.403239945013414,3
6901028118187,202602,0.0,-0.2013145684384341,0.020572289118311785,-2.4868080183025434,3
6901028118187,202603,0.0,-0.4654800013628204,-0.0449404259260506,0.5937664109548824,3
6901028118828,202602,0.0,-3.4044730030950348,-0.156229420780582,4.335559433869858,3
6901028118828,202603,0.0,-0.4166788550983611,-0.4034877068590438,-0.6644147109670464,3
6901028119009,202602,0.0,-3.2395374786697744,-0.5496132167050648,6.92294457432162,3
6901028119009,202603,0.0,3.069541719084512,-0.6753650630959886,-6.582418138326926,3
6901028120708,202602,0.0,-1.1151912822821899,-0.3142878439121377,-14.481624970479835,3
6901028120708,202603,0.0,-1.2638876164008082,-0.2940726003326796,-2.908280161286082,3
6901028121828,202602,0.0,-2.607515160913934,-0.4924898179302923,1.2155625642771968,3
6901028121828,202603,0.0,-1.517779221548473,-0.26829976613843765,1.0039817666176423,3
6901028124058,202602,0.0,-0.06216173059322472,-0.06157359396079324,-7.639682441235873,3
6901028124058,202603,0.0,-0.7599994373164805,-0.12234887994523033,-0.26360127053148047,3
6901028125970,202602,0.0,4.513485326638751,-0.5608356162189545,-26.91654631696819,3
6901028125970,202603,0.0,8.125567205389572,-0.6754052546209403,-10.668197837145945,3
6901028133333,202602,0.0,3.7453971396767756,-0.5426386566997645,-14.029112851037034,3
6901028133333,202603,1.0,-2.5893626065829523,-0.2336679291909441,-0.9013859356046463,3
6901028136686,202602,0.0,0.08313881662468248,-0.015587728364060707,-4.506289652256623,3
6901028138536,202602,0.0,-0.9112567841743058,-0.7874471743612029,-3.657981453060404,3
6901028138536,202603,0.0,4.593751001816045,-0.993209369589714,1.2244463875338392,3
6901028141147,202602,0.0,-2.2597896050464783,-0.118889223334048,-2.1097354111574456,3
6901028143554,202602,0.0,-1.6287845746593703,0.1436930568931976,-3.8480573341571986,3
6901028143554,202603,0.0,-0.16812119530396075,-0.4780736208079609,0.3206043897446673,3
6901028145077,202602,0.0,-3.7073025469885366,-0.10487454012852496,14.403087405963166,3
6901028145077,202603,0.0,-0.6897884216448844,-0.4554778074272868,-0.4314132718586111,3
6901028151634,202602,0.0,-0.22895134105484516,-0.013206849963268472,-4.5503747449810685,3
6901028151634,202603,0.0,-0.09064055398280146,0.11154386979494622,-1.9935173825740995,3
6901028159548,202602,0.0,-0.002145157745772508,0.03220977494129382,-2.7143145373886615,3
6901028160285,202602,0.0,-0.19690004040994324,-0.0300029454104533,-3.5778503034830917,3
6901028160285,202603,0.0,0.25722614727531834,-0.07504498838875501,-2.174263064535994,3
6901028162876,202602,0.0,-0.08077439360572924,0.14793968864065787,-4.46573108756216,3
6901028162876,202603,0.0,-0.7389553901772032,0.04228898861192293,-0.4440479885006612,3
6901028165242,202602,1.0,3.699760811429954,-0.3994363864474444,3.7004847828197045,3
6901028165242,202603,0.0,-0.09034321644131182,0.26552374127868844,-2.5860788584013683,3
6901028165860,202603,0.0,19.0643334930409,-0.7715666388324403,-113.52771060168068,3
6901028172509,202602,0.0,-2.7046473823514745,-0.3014795239925778,-0.8925076680146733,3
6901028172509,202603,0.0,-0.6307337254462198,-0.31259676777442014,-0.590930389104189,3
6901028178105,202602,0.0,-0.9509725838468412,-0.2962119280459543,-4.470376105325656,3
6901028178105,202603,0.0,1.5519306778754327,-0.558138046924889,-6.293548592430468,3
6901028179270,202602,0.0,-0.044089156890528614,-0.18184455670091326,-5.048465109424224,3
6901028179270,202603,0.0,-0.05813940856369726,0.003644396867946764,-0.8226117825625632,3
6901028179324,202602,0.0,0.03982991789320067,-0.5776012475067956,-7.890607341367305,3
6901028179324,202603,0.0,-0.007319110392757011,-0.4453791030778997,-4.847800431211361,3
6901028179348,202602,0.0,-1.4316650577110224,-0.4107289420001404,-6.606281077123857,3
6901028179348,202603,0.0,-0.7857559832790315,-0.2829023762095909,-0.5295015377388514,3
6901028180009,202602,0.0,-1.4915623534720766,-0.5260562278115826,-6.70975563406074,3
6901028180009,202603,0.0,0.016111948118876285,-0.43783096018115414,-9.074584950342743,3
6901028180580,202602,0.0,-0.6895088924009372,-0.30952457172521375,-2.639636502818841,3
6901028180580,202603,0.0,-0.1952040209118877,-0.15352020769188107,-0.1358347137495593,3
6901028180603,202602,1.0,-0.24008129825503488,-0.05697855989009212,10.200868357127687,3
6901028180788,202602,0.0,1.660250343920353,-0.37183910831358624,-112.00617671830653,3
6901028180788,202603,0.0,0.3836344171929227,-0.3295933471867579,-80.4691266774765,3
6901028180818,202602,0.0,1.0317573063521337,-0.3473458707101736,-5.604255779587357,3
6901028180818,202603,0.0,0.27637472448984113,-0.2579227072008008,1.9237816667047611,3
6901028181457,202602,1.0,-1.8269805974459317,-0.5185643278517842,3.6766369420417337,3
6901028181457,202603,0.0,0.7550340181108055,-0.15510225218035054,-4.829332899968771,3
6901028181815,202602,0.0,15.080355321204035,-0.7610157709502378,-12.26010256131397,3
6901028181815,202603,0.0,-0.2222837702249052,0.03682302156743811,-1.4127405762959522,3
6901028182560,202602,1.0,0.004240581935654575,-0.23616140379541997,16.25254572523104,3
6901028184304,202602,0.0,1.1368156123955089,-0.4242402737081124,-72.96634403321664,3
6901028184304,202603,0.0,0.6674142716916691,-0.4219269633017566,-37.614325664876645,3
6901028185912,202602,0.0,-0.34494892786736386,-0.3886964614813936,-4.70114119646459,3
6901028185912,202603,0.0,0.017609364079383738,-0.5890173880196491,-1.5997953047351499,3
6901028187343,202602,0.0,-0.6318962430468815,-0.16641207189985868,-2.37507535687436,3
6901028187343,202603,0.0,-2.739206495185691,0.2392786178674188,2.403900831233428,3
6901028188029,202602,0.0,-0.28841641547951724,-0.4698940838307698,-6.345720981036013,3
6901028188029,202603,0.0,0.03665757821120508,-0.4913332843726309,-3.9126824592696754,3
6901028188081,202602,0.0,-0.5928464804254716,-0.025896432176434128,-3.4679501632363783,3
6901028188081,202603,0.0,0.015760288056405614,0.25510151416236737,-1.1550005393142997,3
6901028190602,202602,0.0,-0.5524938309942158,0.10966406601946793,-2.676091433501114,3
6901028190602,202603,0.0,-0.2636276762649459,0.07991028221142674,-1.1915519853099723,3
6901028193504,202602,0.0,1.4638465859938137,-0.44997251384337233,-4.441672988623077,3
6901028193504,202603,0.0,-5.353817229138151,-0.26329551738193036,6.60539638277969,3
6901028207508,202602,0.0,-2.066599606043283,-0.17539362183798138,-0.5111541741052507,3
6901028207508,202603,1.0,-1.5283977581319235,-0.40880540416431854,-0.8503525614353977,3
6901028211352,202602,0.0,0.024812335113878703,0.0624518161276067,-2.458752070553566,3
6901028211352,202603,0.0,0.4417310789270914,-0.2040639851750652,-0.06490544409622478,3
6901028212229,202602,0.0,0.07972904412400794,-0.2842800748579209,-36.96592466566665,3
6901028212229,202603,0.0,-0.5116918193385516,-0.3768683277789276,-19.22303183921314,3
6901028216166,202602,0.0,-1.1068138580409936,-0.0007727605580349003,-1.028913265378419,3
6901028216166,202603,0.0,0.07050785144675586,-0.4589918226933941,-0.36448748547277443,3
6901028218603,202602,0.0,-0.14405830138852593,-0.5468993567230378,-13.708933939478836,3
6901028218603,202603,0.0,0.3246125823702073,-0.3948558904783523,-31.646163150652217,3
6901028218634,202602,0.0,-2.9836424810161333,-0.377375690446794,-12.490293737935023,3
6901028218634,202603,1.0,0.7567678750721853,-0.4644548452920039,4.077650597270315,3
6901028218757,202603,0.0,-1.6832928104330662,-0.49264090040212327,0.39325904452441185,3
6901028218900,202603,0.0,0.3696626691014302,-0.2649738203013287,-19.553255351401333,3
6901028219174,202602,1.0,-0.9044719987481216,-0.4689004524932028,6.522041860767205,3
6901028219174,202603,0.0,-1.904175146461867,-0.11258812252015953,1.8893448793916867,3
6901028221450,202602,0.0,-1.4917670925236735,-0.04407335268556273,-5.10960179493005,3
6901028221450,202603,0.0,0.8813782966064636,-0.5306737279357017,-5.077363250468965,3
6901028224079,202602,0.0,-2.4613698395343135,-0.02458328141068953,0.7855466223215415,3
6901028224079,202603,0.0,-0.25794353401695247,-0.10565724379077499,-0.9305072294239116,3
6901028224642,202602,0.0,-11.895299645907969,0.12358580285464572,14.29930487057857,3
6901028224642,202603,0.0,-0.46995809623954443,0.04813671872294936,0.38540870321252246,3
6901028225175,202602,0.0,-0.35210708448986594,0.18986223972131458,-3.7308540160936188,3
6901028225175,202603,0.0,0.18184720617265526,-0.3049705461495791,-1.0289931918495137,3
6901028227285,202602,0.0,-8.311086173161868,-0.04499994014676495,8.665913929992511,3
6901028227285,202603,0.0,-2.285873574475275,-0.25353949738258985,4.71075160459639,3
6901028229074,202602,0.0,-5.675449943387854,-0.26957003929523726,6.118499325237267,3
6901028229074,202603,0.0,-8.517460135818084,-0.5293952026457416,14.926933988968434,3
6901028230186,202603,0.0,2.138009352517905,-0.7659556384706903,-5.44827991078857,3
6901028241410,202602,0.0,-0.886356228917478,-0.4439440427976635,-7.508230314302877,3
6901028241410,202603,0.0,10.580831410078915,-0.6869443165681012,-22.20758780810211,3
6901028242066,202602,0.0,4.598441170960285,-0.45339469244899305,-39.252938041802814,3
6901028242066,202603,0.0,-2.0046970272576203,-0.03394330805933471,-2.8758865886613743,3
6901028247375,202602,0.0,-0.12732300619398984,-0.20531311277458283,-5.965076745710861,3
6901028247375,202603,0.0,-0.9328979625194407,-0.19836811400499177,-0.5105516613105507,3
6901028252959,202602,0.0,0.18177437080662173,-0.3756049575533637,-23.457723502472298,3
6901028252959,202603,0.0,1.6822826173048568,-0.5403065735900086,-6.5809983429661445,3
6901028268950,202602,0.0,-22.97850706634984,-0.6625141677901053,60.42744442339512,3
6901028268950,202603,0.0,-5.8341905875599736,-0.7914774143383095,12.253023906668945,3
6901028268981,202603,0.0,-5.369675487449747,-0.37397813900475363,9.44919852793764,3
6901028271547,202602,0.0,0.8096024030735549,-0.30655554209080454,-78.40629453871506,3
6901028275668,202602,0.0,-3.1470091518757783,-0.47307416119687384,7.181174753012863,3
6901028312356,202602,0.0,-13.077026228033048,-0.21627785090444115,309.78081081394663,3
6901028312356,202603,0.0,12.390614582413384,-0.7519540601739068,110.15720921659718,3
6901028314985,202602,1.0,-0.17131207987198138,0.08252693329875395,4.282806775353224,3
6901028317177,202602,0.0,-0.7514548483607797,-0.19200290921135224,-7.90539092656268,3
6901028317177,202603,0.0,0.3243629249114335,-0.40333689530305006,-0.6685079399826351,3
6901028324830,202602,0.0,-0.5176774289562971,-0.07006728106979282,-40.70552580355894,3
6901028324830,202603,0.0,5.340209030634362,-0.4407554929146608,-5.373955679304144,3
6901028325257,202603,0.0,2.374414484141994,-0.5656626589381677,-6.87169048286301,3
6901028339957,202602,0.0,-1.6669384918499972,-0.02688634686459118,-1.5767984489913647,3
6901028339957,202603,0.0,1.2635015689327105,-0.2261858199625459,-1.0471579978788996,3
6901028936750,202602,0.0,-0.04537451286847016,-0.1125090552542826,-8.599450378110271,3
6901028936750,202603,0.0,0.7862802182376925,-0.5241938474262584,-2.3700491420854473,3
6901028937832,202602,0.0,-0.8635033221436075,-0.3292619638281472,-6.952258852458911,3
6901028937832,202603,0.0,-2.408009970446656,-0.5181506859965098,2.032575244279183,3
6901028940504,202602,1.0,-0.6855899693523568,-0.14232103927435735,1.3308607680687008,3
6901028000833,202605,1.0,0.1774766210994585,0.03777951853887123,2.0358969793067883,4
6901028001625,202604,0.0,-0.7097190439714893,0.16509977180030824,0.8841721960757255,4
6901028001625,202605,1.0,-0.1683273744542504,-0.7141645281290881,-2.4738733774355413,4
6901028005036,202604,0.0,1.2935817979489954,-0.09989616890123033,-4.940928134058819,4
6901028005036,202605,0.0,0.41368414396011843,0.09461439544293866,-4.975241856442738,4
6901028009744,202604,1.0,-0.3938324849422088,-0.008414377422041742,1.34065972458787,4
6901028009744,202605,0.0,-0.6272709122241764,-0.14092238117013578,-1.0890657652324798,4
6901028009805,202604,0.0,-5.2176709585519205,-0.21245306619030588,11.105861342833135,4
6901028009805,202605,1.0,3.150923645298654,-1.4084307728932866,-4.02828489678723,4
6901028010115,202604,0.0,4.894163871150809,-1.0960584757910186,-6.83266915647145,4
6901028010115,202605,0.0,3.8624739232021597,-1.0329714063332123,-12.440071450200401,4
6901028010771,202604,0.0,1.554187992692185,-1.4862013587295564,-3.7432988028926095,4
6901028010771,202605,0.0,0.16012185002674073,-1.3325871969200447,-3.8076431274720735,4
6901028011785,202604,0.0,2.081427185237942,-1.0898897053468195,-4.574931757836891,4
6901028011785,202605,0.0,0.018386511078091416,-0.2564382976732603,-4.471633284047473,4
6901028012003,202604,0.0,0.1824781304614902,0.5036498712861261,-3.696152020917927,4
6901028012003,202605,0.0,0.7228518065618701,-0.12174753264420513,-8.179985705121112,4
6901028042635,202604,0.0,-8.624933043391025,-0.5279014749744645,11.771710363532822,4
6901028042635,202605,0.0,8.059105254276062,-1.6888952583091428,19.28485554533144,4
6901028045919,202604,0.0,-1.509478250045909,-0.46090079758403657,-0.27979999705302283,4
6901028045919,202605,1.0,-4.922117054026636,-0.5020922514499164,-7.091082268425034,4
6901028046893,202604,0.0,0.14061171776081238,0.7736462745372013,-1.422994942736031,4
6901028046893,202605,0.0,0.13078043491444902,0.8379874707666566,-1.7822911604598066,4
6901028051989,202605,0.0,15.192286764631163,-1.1529429582093504,-8.090012561133308,4
6901028057080,202604,0.0,-0.17127698121641544,-0.3711314977497424,-0.4199536880070983,4
6901028057080,202605,0.0,-0.43389039422432774,0.30659339715782236,-0.9702666749033451,4
6901028058148,202604,1.0,-0.20059043652963027,0.5746492554691733,3.086864911007032,4
6901028058148,202605,0.0,-1.5507964965471999,0.010047043659469512,2.912932166508354,4
6901028059114,202604,0.0,-2.270320824399242,-0.655849479745648,1.8443355072674523,4
6901028059114,202605,1.0,1.9034083650265146,-0.779115975518527,0.6217748911785237,4
6901028062015,202604,0.0,0.7068800390631083,-0.31412374917527175,-2.9091683224339295,4
6901028062015,202605,0.0,-0.09895523811505313,0.046063172178726935,-2.1136358810378355,4
6901028062329,202604,0.0,0.25023124202451896,-0.15602775073530192,-4.129860054194558,4
6901028062329,202605,0.0,-0.006927061778618793,-0.16049913301219756,-5.449455705655822,4
6901028062350,202604,0.0,-0.28460401042376304,-0.17993449001671946,-2.0537277134650984,4
6901028062350,202605,1.0,0.11613914764107847,-0.25181203198549323,2.884718855780731,4
6901028065504,202604,0.0,1.271359915748974,-0.5436226123755277,-0.7677729937942104,4
6901028065504,202605,0.0,-21.88709422954013,-0.48290969777631676,77.78180767895851,4
6901028071475,202605,0.0,1.4037521078345492,-1.147422847404638,-4.290299962796179,4
6901028071536,202604,0.0,7.440721812330956,-1.5879591962607549,-1.4925899541085386,4
6901028071536,202605,0.0,0.0689594957371753,-0.5360841424706301,-1.4044093033973137,4
6901028075015,202604,0.0,0.6506482323937632,-0.4830390984451659,-5.439755732537837,4
6901028075015,202605,0.0,0.015730455169574498,-0.17573812101799305,-8.555687477670258,4
6901028075022,202604,0.0,1.3236380010840918,-0.4897247646693951,-6.910385163096897,4
6901028075022,202605,0.0,0.04452359767840619,-0.07622151837579727,-7.61671188164762,4
6901028075053,202604,0.0,0.4995608617973204,0.5891390106674756,-2.0046814506563133,4
6901028075053,202605,0.0,2.1332419599514623,-0.26063036048449634,-1.6799176037763166,4
6901028077910,202604,0.0,4.286273330144731,-1.3212213831719932,3.9855671384509392,4
6901028077910,202605,0.0,-11.585661719807888,-0.7940270419041521,33.64233512322996,4
6901028079990,202604,0.0,0.06977824909699848,-0.09260512992301757,-3.9909276510190437,4
6901028079990,202605,0.0,0.07177815328452652,-0.1408124452855699,-5.33624047453937,4
6901028084772,202604,0.0,6.743967797052875,-1.1074266692162127,-5.283382744002279,4
6901028084772,202605,1.0,0.9543820936857585,0.09318347874724481,4.3463939640116465,4
6901028084925,202604,1.0,-3.069346688851752,-0.20767136201673103,-4.117363544420174,4
6901028084925,202605,0.0,1.6029755311570923,-1.191900764466206,1.6599835182063403,4
6901028092432,202605,0.0,0.25629161756400975,-0.5434477923256724,-3.8400590730156425,4
6901028098335,202604,0.0,0.9157815064765558,-1.0732876722382703,-2.8674858243053163,4
6901028098335,202605,0.0,0.4235969100015069,0.018169091201357956,-2.2612547621931682,4
6901028104302,202604,0.0,-1.0370277568724333,-0.245931852163727,-0.33848107381061615,4
6901028104302,202605,0.0,0.7419651484685232,-1.162231196639429,1.7546008665690564,4
6901028111270,202604,0.0,0.5783919909063115,0.7538718680922071,-1.7228265203566213,4
6901028111270,202605,0.0,0.1979324415550039,0.9675405979266862,-2.583737724488587,4
6901028111546,202604,0.0,1.564579378528066,-1.0117722708150314,-3.449770856966217,4
6901028111546,202605,0.0,-1.2309778828634848,-0.7357147308069247,-9.498777092337125,4
6901028112505,202604,0.0,2.247450344311318,-1.026444148533123,-8.256000085970122,4
6901028112505,202605,1.0,0.564501076135592,-0.9463930485087423,3.4911614054534277,4
6901028118187,202604,0.0,-0.13119613865139712,0.588028264924171,0.29801001880563377,4
6901028118187,202605,0.0,0.32819581277884424,0.5192114154166454,-0.6477323357425007,4
6901028118828,202604,0.0,-0.43813683782849466,-1.092421234233623,2.3213978932025077,4
6901028118828,202605,0.0,-2.0307204700840913,-0.12641617390570029,1.6268269142860003,4
6901028119009,202604,0.0,0.8213824214204379,-1.2694645135258362,10.075706036211866,4
6901028119009,202605,0.0,0.7463663056995316,-0.9279814587924459,-14.052567295287128,4
6901028120708,202604,0.0,-0.11763874651050799,-0.7333868496433023,-3.5867309409954258,4
6901028120708,202605,0.0,1.3647381908312184,-0.5189577596448081,-23.057311596347002,4
6901028121828,202604,0.0,-4.498900694554997,-0.7114263266546207,11.019805816690942,4
6901028121828,202605,0.0,-3.5054520106766915,-0.5341548901331896,4.142352725319113,4
6901028124058,202604,0.0,-0.6357203648409069,0.03590867883598491,-1.156731764500448,4
6901028124058,202605,1.0,-0.10884523621088249,-0.33942961222177026,1.2673223377755738,4
6901028125970,202604,0.0,0.4637133013763872,-0.545439543960867,-6.705868576163609,4
6901028125970,202605,0.0,-4.649095554818572,-0.18768745793671485,6.646081250852304,4
6901028136686,202604,1.0,-0.7216854973922082,0.745493477231682,0.22495116739288448,4
6901028138536,202604,0.0,3.452689813082273,-1.3735936095917975,-5.2242657075388355,4
6901028138536,202605,0.0,2.1916926832703325,-1.395092773348395,-4.620606618235345,4
6901028143554,202604,0.0,1.3929225950836894,-0.5891105974837016,-2.3163408676984947,4
6901028143554,202605,1.0,0.32574982555932763,-0.32109890802506713,0.7133748987075159,4
6901028145077,202604,0.0,2.782990483229419,-0.7373587381517601,-2.796960630473034,4
6901028145077,202605,0.0,-0.25678721553499173,-0.34218543609859786,-0.6193561231628513,4
6901028149921,202604,0.0,0.003131609884697184,0.4288533638201247,-1.1684115217203472,4
6901028149921,202605,0.0,0.006429183498752877,0.4865473965948724,-2.342980121648298,4
6901028151634,202604,0.0,0.3637012575543537,-0.2212960135905938,-1.1920810992043853,4
6901028151634,202605,0.0,0.011457388105817756,0.3634028006719471,-2.3447368646146494,4
6901028155557,202604,0.0,0.2905115033567043,0.28057541745736453,-1.4914957626147938,4
6901028155557,202605,0.0,-2.5821176662138683,-0.09921043869329822,3.210857106454157,4
6901028159753,202604,0.0,0.8229558965454231,0.07568952339107785,-2.0199002948992817,4
6901028159753,202605,0.0,-0.2056080362261099,0.7312680512419345,-1.227873269929419,4
6901028160285,202604,0.0,0.24606650446402512,0.4830568224700104,-1.7311652292447182,4
6901028160285,202605,0.0,-0.24105046896835347,0.8818813961599404,-1.3085444866705909,4
6901028162876,202604,0.0,0.20022068267424942,0.53121401765734,-1.4256133193098037,4
6901028165242,202604,0.0,-0.2792590098291541,0.4869322878784481,-0.5653673673884523,4
6901028165242,202605,0.0,-2.8503728978034815,-0.1223019424491561,5.538489411620288,4
6901028165860,202604,0.0,4.141473633686644,-0.8824034282123585,-13.883095667042156,4
6901028165860,202605,1.0,5.536174989602124,-1.028987644310211,3.4310655876191856,4
6901028172509,202604,0.0,2.2353113070651105,-0.33340642199776427,-3.0156297842643034,4
6901028172509,202605,0.0,0.5830347487492915,-0.1756006306739361,-7.164804592712564,4
6901028177214,202605,1.0,5.392389862504125,-1.3197977305559179,2.074247379786729,4
6901028178105,202604,0.0,1.015303454847725,-0.5763681425657989,-4.115606979346507,4
6901028178105,202605,0.0,-0.7654895760963356,0.035692345759399495,-1.7559095409326124,4
6901028179270,202604,0.0,-0.10855765028389897,0.28338284432753513,-0.7174834174111193,4
6901028179270,202605,0.0,0.10923498622921102,0.3233206486806555,-1.8278561749443734,4
6901028179324,202604,0.0,-1.3162083924627694,-0.12785925583416533,-0.07151877119461925,4
6901028179324,202605,0.0,-0.5321672165190705,-0.053540737926897314,-4.294386788848864,4
6901028179348,202604,0.0,0.9310494132474858,-0.07238232122748688,-3.685761924531206,4
6901028179348,202605,0.0,0.3325699046266877,0.025066572676380613,-3.980951205471365,4
6901028180009,202604,0.0,1.3704401565274367,-0.5331974330513202,-3.1978082511374013,4
6901028180009,202605,0.0,-2.5158996855634257,-0.17569782191715133,-1.4101865928169128,4
6901028180580,202604,0.0,0.23053281613598386,0.25740311575792485,-1.0892795027664666,4
6901028180580,202605,0.0,-0.07192265086929694,0.9843778934259447,-0.7325432344238683,4
6901028180603,202604,0.0,0.18595716946419572,0.6834071136127831,-0.8943626330001323,4
6901028180603,202605,0.0,0.18654327566805762,0.753678507679197,-1.0941397859264252,4
6901028180788,202604,0.0,0.22631074657115846,-0.6382530888392611,-8.502064018709921,4
6901028180788,202605,0.0,-0.4739794065956602,-0.523476963987969,-17.30629815976034,4
6901028180818,202604,0.0,0.042026184989921944,0.3752930258817807,-1.2525691496240081,4
6901028180818,202605,0.0,1.350681577616733,-0.2564925326338555,0.2948730221238285,4
6901028181457,202604,0.0,1.712946502045007,-0.37940406700167195,-6.245514845180365,4
6901028181457,202605,0.0,-0.12837025817729852,0.2763575119534272,-3.943925422648327,4
6901028181815,202604,0.0,-1.333812687566521,0.419607959228091,0.07178612590199751,4
6901028181815,202605,0.0,0.23284744751552466,-0.2963435035400003,-0.6694461136239086,4
6901028182560,202604,0.0,-0.2754631359025552,0.6737454581415372,-0.557416489514015,4
6901028182560,202605,0.0,-0.0019527050389243072,0.6353466288968269,-0.9749999398328865,4
6901028184304,202604,0.0,-0.8873811205857294,-0.3474766029463836,-3.635978986100376,4
6901028184304,202605,0.0,-0.747472962442032,-0.7324911590556813,-5.252066017419689,4
6901028185912,202604,0.0,0.2655350699534722,0.09053980548098906,-2.037277234296672,4
6901028185912,202605,0.0,-0.009488558206058428,0.393225963400444,-1.7084964400113727,4
6901028187343,202604,0.0,1.2373384016077154,-0.6341763222226812,-1.4814033697902684,4
6901028187343,202605,0.0,2.4030042183177542,-0.6653705990587586,-1.980609156710615,4
6901028187855,202605,0.0,-2.260478236569085,-0.23538605339829358,-5.60871900301171,4
6901028188029,202604,0.0,-1.332800232581043,0.03819084725895659,-0.5389213319136208,4
6901028188029,202605,0.0,-0.5832105927879709,0.1917099557325938,-3.9174443349493178,4
6901028188081,202604,0.0,0.2754092617605153,-0.11024694716707313,-0.520858143776408,4
6901028188081,202605,0.0,-0.4182181008683017,0.7940943046773141,-0.7761940444244203,4
6901028190602,202604,0.0,0.6307548459812864,0.6168557599658597,-1.7190254440439752,4
6901028190602,202605,0.0,0.399282505999075,1.0427485599870436,-2.447797756663734,4
6901028193504,202604,0.0,-9.242578435005434,-0.548752557472601,18.118777887413433,4
6901028193504,202605,0.0,4.503407966722861,-0.45090794707794307,-5.667920305249204,4
6901028196024,202604,0.0,1.1096820730506067,-1.1208419340094768,-10.739288854195838,4
6901028196024,202605,0.0,3.515138162497607,-1.0711189409737747,-13.565496285499048,4
6901028204026,202605,0.0,0.03419689234124945,-0.7199201532282299,2.097098122934115,4
6901028207508,202604,0.0,0.2901411088937138,-0.2829837700690669,-1.1102915234327622,4
6901028207508,202605,0.0,0.0968662299318126,-0.21100336264168218,-4.352838315541197,4
6901028211352,202604,0.0,-0.0021728006126835453,0.9129105785472068,-0.01767166787042851,4
6901028211352,202605,0.0,0.2630032131219622,0.4837993246439116,-0.44219647500940373,4
6901028212229,202604,0.0,0.729925693550868,-0.9069485628471797,-4.855052553436237,4
6901028212229,202605,0.0,0.1343929998675435,-1.0303432952013072,-6.998233244090337,4
6901028216166,202604,1.0,1.063476611136501,-0.5286574640341519,3.3439696421168157,4
6901028216166,202605,0.0,1.0180482110184599,-0.47315988353184607,-1.7631556341570167,4
6901028218153,202605,0.0,0.3854730021681547,-0.7497377611853365,-13.101654177335721,4
6901028218603,202604,0.0,0.14689438538995603,-0.16231688812625675,-5.330471399372915,4
6901028218603,202605,0.0,-0.36137329869951884,-0.14632631537352314,-6.869629605869019,4
6901028218634,202605,1.0,-7.081636503655261,-0.30880428995617054,-5.312467832489734,4
6901028218900,202604,0.0,8.945296073817623,-1.2704857425682812,-4.339210153779335,4
6901028218900,202605,0.0,-1.071206498997995,-0.6531286982204795,-6.189252995182434,4
6901028219174,202604,0.0,-0.14932305623197806,0.04293798265487303,-1.5898287547829693,4
6901028219174,202605,0.0,1.0794105940860916,-0.29323899590226626,-0.8015839400615645,4
6901028221450,202604,0.0,1.556122371993517,-0.4491707170891793,-5.058581995869192,4
6901028221450,202605,0.0,0.2612358765974747,0.39776911086378036,-2.845607895274271,4
6901028224079,202604,0.0,2.6353982170960677,-0.11228524973376824,-2.073251983997223,4
6901028224079,202605,0.0,0.35218028450602645,0.23738453065931783,-5.84889117287034,4
6901028224642,202604,0.0,11.392233947306913,-1.4551399483109348,-2.2693246411219894,4
6901028224642,202605,0.0,-0.46906378583386044,0.1466864888978775,-0.0565400662623422,4
6901028225175,202604,0.0,0.14438301077292692,0.8078407186493844,-1.7239171087467438,4
6901028225175,202605,0.0,0.07521906161400693,0.9724392123316692,-1.9299252136076737,4
6901028227285,202604,0.0,7.6795427179278875,-0.7758073981588418,-1.883336957041243,4
6901028227285,202605,1.0,2.636701702050651,-0.053959048494953886,1.9144492105262794,4
6901028229074,202604,0.0,2.6704414145459907,-1.5180309199084272,-1.9084191887111843,4
6901028229074,202605,0.0,3.572954825086285,-1.5815692457118722,14.045872374303231,4
6901028230186,202604,0.0,0.2686660018383833,-1.0118592115183265,-3.0300892471793164,4
6901028230186,202605,0.0,-0.18627258598494478,-0.763357900703352,-3.4555782264630786,4
6901028241410,202604,0.0,0.7113479245883383,-0.788960415308315,-7.063398018160006,4
6901028241410,202605,0.0,-0.9508017360799812,-0.2306373745718436,-4.753209923251293,4
6901028242066,202604,1.0,-7.513736431784139,-0.4821280816742167,-9.817639377109767,4
6901028247375,202604,1.0,-1.0354216463946244,-0.19882724584692135,0.14133968104664016,4
6901028247375,202605,0.0,-1.6699892337547837,-0.6617786004224977,0.6492793141021864,4
6901028252959,202604,0.0,0.8964519994020534,-0.9476513021668012,-7.252179862452593,4
6901028252959,202605,0.0,-0.3761601194587172,-0.972600753912831,-7.012020963195729,4
6901028268950,202605,0.0,6.033345046026405,-1.4053341754194286,-4.449547157204723,4
6901028268981,202604,1.0,0.3187347754206584,-0.7239312886644592,6.121498552458371,4
6901028268981,202605,0.0,4.609846036185061,-1.4675346203841362,-5.7606814699649895,4
6901028271547,202604,0.0,-0.14321785275328125,-0.2501369320719514,-3.89219125214533,4
6901028271547,202605,0.0,-1.5605522666722749,-0.3295884038559942,-0.7880880527550262,4
6901028275668,202604,0.0,2.2290673180842617,-1.284136743517284,-2.4716904778681554,4
6901028275668,202605,0.0,-0.34102435791953667,-0.05850322363713305,-5.322465590759515,4
6901028312356,202604,0.0,12.295218629064806,-1.3289214893684191,1.4751316617349062,4
6901028314985,202604,1.0,0.05643366810130601,0.4206206598763975,1.4578587515304275,4
6901028317177,202604,0.0,-0.013964709145042775,0.08085055130348578,-2.3617419746736434,4
6901028317177,202605,0.0,-1.4895823266746788,-0.054063024562963476,0.9219470589237472,4
6901028324830,202604,0.0,1.375821697957896,-0.22676780323608833,-3.539209653290955,4
6901028324830,202605,0.0,-3.0108969591333974,-0.17243086004642894,3.7646770901486057,4
6901028325257,202604,0.0,-0.1727407448741758,-0.6374729144008309,-1.76831244852887,4
6901028325257,202605,0.0,0.506117798194218,-0.7579567543772358,-4.198352578186377,4
6901028339957,202604,0.0,2.1682770324119147,-0.2899812845072717,-2.0870138835284298,4
6901028339957,202605,0.0,0.6570330856465745,0.4735560037518551,-2.9345613806036694,4
6901028936750,202604,0.0,-0.05549129221923721,0.34617007608199646,-3.0417002345767665,4
6901028936750,202605,1.0,-0.21034333736400157,-0.08598898461224411,1.275074958114244,4
6901028937832,202604,0.0,0.29616078657242895,-0.554324289040653,-2.2242116735891084,4
6901028937832,202605,1.0,0.7711865031915579,-1.0522363381614412,0.5884492795061345,4
6901028940504,202604,0.0,0.1454377770552071,0.4345972105903857,0.33812245569606875,4
6901028940504,202605,0.0,-0.6872157754652264,0.42155544377594745,1.0767694697978354,4
